match_id,season,section,home,away,home_score,away_score,venue,date,home_form,home_attack,home_defence,home_rest_days,home_changed_continent,away_form,away_attack,away_defence,away_rest_days,away_changed_continent,elo_home,elo_away,elo_diff,form_diff,rest_diff,cross_continent,altitude,playoff,margin,home_win
0,2021-22,Round 1,Zebre,Lions,26,38,Stadio Sergio Lanfranchi,2021-09-24,,,,,0,,,,,0,0.0,0.0,0.0,,,1,0,0,-12,0
1,2021-22,Round 1,Ulster,Glasgow,35,29,Ravenhill Stadium,2021-09-24,,,,,0,,,,,0,0.0,0.0,0.0,,,0,0,0,6,1
2,2021-22,Round 1,Cardiff,Connacht,33,21,Cardiff Arms Park,2021-09-24,,,,,0,,,,,0,0.0,0.0,0.0,,,0,0,0,12,1
3,2021-22,Round 1,Benetton,Stormers,22,18,Stadio Comunale di Monigo,2021-09-25,,,,,0,,,,,0,0.0,0.0,0.0,,,1,0,0,4,1
4,2021-22,Round 1,Leinster,Bulls,31,3,Aviva Stadium,2021-09-25,,,,,0,,,,,0,0.0,0.0,0.0,,,1,0,0,28,1
5,2021-22,Round 1,Edinburgh,Scarlets,26,22,Edinburgh Rugby Stadium,2021-09-25,,,,,0,,,,,0,0.0,0.0,0.0,,,0,0,0,4,1
6,2021-22,Round 1,Munster,Sharks,42,17,Thomond Park,2021-09-25,,,,,0,,,,,0,0.0,0.0,0.0,,,1,0,0,25,1
7,2021-22,Round 1,Dragons,Ospreys,23,27,Rodney Parade,2021-09-26,,,,,0,,,,,0,0.0,0.0,0.0,,,0,0,0,-4,0
8,2021-22,Round 2,Scarlets,Lions,36,13,Parc y Scarlets,2021-10-01,-4.0,22.0,26.0,6.0,0,12.0,38.0,26.0,7.0,0,0.2,1.8,-1.6,-16.0,-1.0,1,0,0,23,1
9,2021-22,Round 2,Connacht,Bulls,34,7,Galway Sportsgrounds,2021-10-01,-12.0,21.0,33.0,7.0,0,-28.0,3.0,31.0,6.0,0,-0.6000000000000001,-2.2,1.6,16.0,1.0,1,0,0,27,1
10,2021-22,Round 2,Benetton,Edinburgh,28,27,Stadio Comunale di Monigo,2021-10-02,4.0,22.0,18.0,7.0,0,4.0,26.0,22.0,7.0,0,-0.2,-0.2,0.0,0.0,0.0,0,0,0,1,1
11,2021-22,Round 2,Glasgow,Sharks,35,24,Scotstoun Stadium,2021-10-02,-6.0,29.0,35.0,8.0,0,-25.0,17.0,42.0,7.0,0,0.0,-1.9,1.9,19.0,1.0,1,0,0,11,1
12,2021-22,Round 2,Zebre,Ulster,3,36,Stadio Sergio Lanfranchi,2021-10-02,-12.0,26.0,38.0,8.0,0,6.0,35.0,29.0,8.0,0,-1.8,0.0,-1.8,-18.0,0.0,0,0,0,-33,0
13,2021-22,Round 2,Ospreys,Cardiff,18,14,Liberty Stadium,2021-10-02,4.0,27.0,23.0,6.0,0,12.0,33.0,21.0,8.0,0,1.0,0.6000000000000001,0.3999999999999999,-8.0,-2.0,0,0,0,4,1
14,2021-22,Round 2,Munster,Stormers,34,18,Thomond Park,2021-10-02,25.0,42.0,17.0,7.0,0,-4.0,18.0,22.0,7.0,0,1.9,0.2,1.7,29.0,0.0,1,0,0,16,1
15,2021-22,Round 2,Dragons,Leinster,6,7,Rodney Parade,2021-10-03,-4.0,23.0,27.0,7.0,0,28.0,31.0,3.0,8.0,0,-1.0,2.2,-3.2,-32.0,-1.0,0,0,0,-1,0
16,2021-22,Round 3,Ospreys,Sharks,13,27,Liberty Stadium,2021-10-08,4.0,22.5,18.5,6.0,0,-18.0,20.5,38.5,6.0,0,0.76,-2.21,2.9699999999999998,22.0,0.0,1,0,0,-14,0
17,2021-22,Round 3,Ulster,Benetton,28,8,Ravenhill Stadium,2021-10-08,19.5,35.5,16.0,6.0,0,2.5,25.0,22.5,6.0,0,3.4200000000000004,-0.7,4.12,17.0,0.0,0,0,0,20,1
18,2021-22,Round 3,Edinburgh,Stormers,20,20,Edinburgh Rugby Stadium,2021-10-09,1.5,26.5,25.0,7.0,0,-10.0,18.0,28.0,7.0,0,0.3,-0.6300000000000001,0.9300000000000002,11.5,0.0,1,0,0,0,0
19,2021-22,Round 3,Connacht,Dragons,22,35,Galway Sportsgrounds,2021-10-09,7.5,27.5,20.0,8.0,0,-2.5,14.5,17.0,6.0,0,1.34,-1.38,2.7199999999999998,10.0,2.0,0,0,0,-13,0
20,2021-22,Round 3,Cardiff,Bulls,19,29,Cardiff Arms Park,2021-10-09,4.0,23.5,19.5,7.0,0,-27.5,5.0,32.5,8.0,0,0.8400000000000001,-4.140000000000001,4.98,31.5,-1.0,1,0,0,-10,0
21,2021-22,Round 3,Leinster,Zebre,43,7,RDS Arena,2021-10-09,14.5,19.0,4.5,6.0,0,-22.5,14.5,37.0,7.0,0,2.58,-5.220000000000001,7.800000000000001,37.0,-1.0,0,0,0,36,1
22,2021-22,Round 3,Glasgow,Lions,13,9,Scotstoun Stadium,2021-10-09,2.5,32.0,29.5,7.0,0,-5.5,25.5,31.0,8.0,0,0.31,-0.0600000000000002,0.3700000000000002,8.0,-1.0,1,0,0,4,1
23,2021-22,Round 3,Scarlets,Munster,13,43,Parc y Scarlets,2021-10-10,9.5,29.0,19.5,9.0,0,20.5,38.0,17.5,8.0,0,2.0600000000000005,2.7300000000000004,-0.6699999999999999,-11.0,1.0,0,0,0,-30,0
24,2021-22,Round 4,Dragons,Stormers,10,24,Rodney Parade,2021-10-15,2.6666666666666665,21.333333333333332,18.666666666666668,6.0,0,-6.666666666666667,18.666666666666668,25.333333333333332,6.0,0,0.7920000000000003,0.0629999999999999,0.7290000000000003,9.333333333333334,0.0,1,0,0,-14,0
25,2021-22,Round 4,Ulster,Lions,26,10,Ravenhill Stadium,2021-10-15,19.666666666666668,33.0,13.333333333333334,7.0,0,-5.0,20.0,25.0,6.0,0,4.408,0.1769999999999997,4.231000000000001,24.666666666666668,1.0,1,0,0,16,1
26,2021-22,Round 4,Zebre,Glasgow,6,17,Stadio Sergio Lanfranchi,2021-10-16,-27.0,12.0,39.0,7.0,0,3.0,25.666666666666668,22.666666666666668,7.0,0,-6.840000000000001,0.0729999999999999,-6.913,-30.0,0.0,0,0,0,-11,0
27,2021-22,Round 4,Benetton,Ospreys,26,29,Stadio Comunale di Monigo,2021-10-16,-5.0,19.333333333333332,24.333333333333332,8.0,0,-2.0,19.333333333333332,21.333333333333332,8.0,0,-1.6880000000000002,-1.537,-0.15100000000000025,-3.0,0.0,0,0,0,-3,0
28,2021-22,Round 4,Leinster,Scarlets,50,15,RDS Arena,2021-10-16,21.666666666666668,27.0,5.333333333333333,7.0,0,-3.6666666666666665,23.666666666666668,27.333333333333332,6.0,0,4.2,-1.4729999999999994,5.673,25.333333333333336,1.0,0,0,0,35,1
29,2021-22,Round 4,Edinburgh,Bulls,17,10,Edinburgh Rugby Stadium,2021-10-16,1.0,24.333333333333332,23.333333333333332,7.0,0,-15.0,13.0,28.0,7.0,0,-0.393,-2.0420000000000003,1.6490000000000002,16.0,0.0,1,0,0,7,1
30,2021-22,Round 4,Munster,Connacht,20,18,Thomond Park,2021-10-16,23.666666666666668,39.666666666666664,16.0,6.0,0,0.6666666666666666,25.666666666666668,25.0,7.0,0,6.263,-0.8320000000000003,7.095000000000001,23.0,-1.0,0,0,0,2,1
31,2021-22,Round 4,Cardiff,Sharks,23,17,Cardiff Arms Park,2021-10-16,-0.6666666666666666,22.0,22.666666666666668,7.0,0,-7.333333333333333,22.666666666666668,30.0,8.0,0,-1.2580000000000002,0.0870000000000001,-1.3450000000000004,6.666666666666666,-1.0,1,0,0,6,1
32,2021-22,Round 5,Scarlets,Benetton,34,28,Parc y Scarlets,2021-10-22,-11.5,21.5,33.0,6.0,0,-4.5,21.0,25.5,6.0,0,-3.3057,-2.5729,-0.7327999999999997,-7.0,0.0,0,0,0,6,1
33,2021-22,Round 5,Glasgow,Leinster,15,31,Scotstoun Stadium,2021-10-22,5.0,23.5,18.5,6.0,0,25.0,32.75,7.75,6.0,0,1.0817,6.0327,-4.9510000000000005,-20.0,0.0,0,0,0,-16,0
34,2021-22,Round 5,Ospreys,Munster,18,10,Liberty Stadium,2021-10-23,-0.75,21.75,22.5,7.0,0,18.25,34.75,16.5,7.0,0,-0.6521000000000001,5.153499999999999,-5.805599999999999,-19.0,0.0,0,0,0,8,1
35,2021-22,Round 5,Cardiff,Dragons,31,29,Cardiff Arms Park,2021-10-23,1.0,22.25,21.25,7.0,0,-1.5,18.5,20.0,8.0,0,-1.1235000000000002,-1.2809,0.15739999999999976,2.5,-1.0,0,0,0,2,1
36,2021-22,Round 5,Connacht,Ulster,36,11,Aviva Stadium,2021-10-23,0.0,23.75,23.75,7.0,0,18.75,31.25,12.5,8.0,0,0.2774999999999998,4.9849000000000006,-4.707400000000001,-18.75,-1.0,0,0,0,25,1
37,2021-22,Round 5,Zebre,Edinburgh,10,27,Stadio Sergio Lanfranchi,2021-10-23,-23.0,10.5,33.5,7.0,0,2.5,22.5,20.0,7.0,0,-7.848700000000001,-0.4579000000000002,-7.3908000000000005,-25.5,0.0,0,0,0,-17,0
38,2021-22,Round 6,Connacht,Ospreys,46,18,Galway Sportsgrounds,2021-11-26,5.0,26.2,21.2,30.0,0,1.0,21.0,20.0,30.0,0,2.64824,0.1284599999999998,2.51978,4.0,0.0,0,0,0,28,1
39,2021-22,Round 6,Benetton,Glasgow,19,18,Stadio Comunale di Monigo,2021-11-27,-4.8,22.4,27.2,30.0,0,0.8,21.8,21.0,30.0,0,-2.64618,-0.6232000000000002,-2.02298,-5.6,0.0,0,0,0,1,1
40,2021-22,Round 6,Dragons,Edinburgh,14,30,Rodney Parade,2021-11-27,-1.6,20.6,22.2,30.0,0,5.4,23.4,18.0,30.0,0,-0.8651599999999999,1.10302,-1.9681799999999998,-7.0,0.0,0,0,0,-16,0
41,2021-22,Round 6,Leinster,Ulster,10,20,RDS Arena,2021-11-27,23.2,32.4,9.2,30.0,0,10.0,27.2,17.2,30.0,0,7.7376,2.6141600000000005,5.123439999999999,13.2,0.0,0,0,0,-10,0
42,2021-22,Round 7,Leinster,Connacht,47,19,RDS Arena,2021-12-03,15.6,28.2,12.6,6.0,0,13.0,31.2,18.2,7.0,0,5.625256,4.596262,1.028994,2.5999999999999996,-1.0,0,0,0,28,1
43,2021-22,Round 5,Sharks,Bulls,30,16,Kings Park Stadium,2021-12-03,-7.0,21.25,28.25,30.0,1,-13.0,12.25,25.25,30.0,1,-0.0474999999999998,-1.9771,1.9296000000000002,6.0,0.0,0,0,0,14,1
44,2021-22,Round 7,Edinburgh,Benetton,24,10,Edinburgh Rugby Stadium,2021-12-03,7.8,24.2,16.4,6.0,0,-5.4,21.8,27.2,6.0,0,3.106202,-2.9438820000000003,6.050084,13.2,0.0,0,0,0,14,1
45,2021-22,Round 7,Ospreys,Ulster,19,13,Liberty Stadium,2021-12-04,-5.4,19.2,24.6,8.0,0,10.8,24.2,13.4,7.0,0,-1.8195620000000008,4.726504,-6.5460660000000015,-16.200000000000003,1.0,0,0,0,6,1
46,2021-22,Round 5,Stormers,Lions,19,37,Cape Town Stadium,2021-12-04,-1.5,20.0,21.5,30.0,1,-7.75,17.5,25.25,30.0,1,2.1359000000000004,-0.3999000000000001,2.5358000000000005,6.25,0.0,0,0,0,-18,0
47,2021-22,Round 7,Glasgow,Dragons,33,14,Scotstoun Stadium,2021-12-04,1.8,19.6,17.8,7.0,0,-4.0,18.8,22.8,7.0,0,-0.3254980000000002,-2.868342,2.542844,5.8,0.0,0,0,0,19,1
48,2021-22,Round 8,Zebre,Benetton,14,39,Stadio Sergio Lanfranchi,2021-12-24,-21.8,10.4,32.2,30.0,0,-8.4,18.2,26.6,21.0,0,-9.40962,-3.1388736,-6.2707464,-13.4,9.0,0,0,0,-25,0
49,2021-22,Round 9,Scarlets,Ospreys,22,19,Parc y Scarlets,2022-01-01,-8.0,24.0,32.0,30.0,0,-5.0,19.4,24.4,28.0,0,-3.23242,-1.1649554000000004,-2.067464599999999,-3.0,2.0,0,0,0,3,1
50,2021-22,Round 9,Connacht,Munster,10,8,Galway Sportsgrounds,2022-01-01,2.0,28.2,26.2,29.0,0,13.0,29.8,16.8,30.0,0,2.4991614,4.37294,-1.8737785999999996,-11.0,-1.0,0,0,0,2,1
51,2021-22,Round 10,Glasgow,Ospreys,38,19,Scotstoun Stadium,2022-01-08,3.4,19.2,15.8,30.0,0,-2.8,20.6,23.4,7.0,0,0.7202175999999999,-1.0717018600000003,1.7919194600000004,6.199999999999999,23.0,0,0,0,19,1
52,2021-22,Round 10,Edinburgh,Cardiff,34,10,Edinburgh Rugby Stadium,2022-01-08,10.8,23.6,12.8,30.0,0,1.2,24.0,22.8,30.0,0,3.3011936,-1.5392400000000002,4.8404336,9.600000000000001,0.0,0,0,0,24,1
53,2021-22,Round 10,Munster,Ulster,18,13,Thomond Park,2022-01-08,7.6,23.0,15.4,7.0,0,3.0,19.6,16.6,30.0,0,4.58556214,4.0718974,0.5136647400000003,4.6,-23.0,0,0,0,5,1
54,2021-22,Round 8,Lions,Sharks,37,47,Ellis Park Stadium,2022-01-22,-2.6,21.4,24.0,30.0,0,-2.8,23.0,25.8,30.0,0,2.25368,0.5595400000000001,1.69414,0.19999999999999973,0.0,0,1,0,-10,0
55,2021-22,Round 8,Bulls,Stormers,26,30,Loftus Versfeld Stadium,2022-01-22,-13.2,13.0,26.2,30.0,0,-4.8,19.8,24.6,30.0,0,-2.58414,-0.5176799999999999,-2.06646,-8.399999999999999,0.0,0,1,0,-4,0
56,2021-22,Round 11,Ulster,Scarlets,27,15,Ravenhill Stadium,2022-01-28,-2.0,16.6,18.6,20.0,0,-6.6,24.0,30.6,27.0,0,4.223263874000001,-3.32567354,7.548937414000001,4.6,-7.0,0,0,0,12,1
57,2021-22,Round 11,Dragons,Benetton,13,13,Rodney Parade,2022-01-28,-7.6,20.4,28.0,30.0,0,0.6,24.4,23.8,30.0,0,-3.914057600000001,-0.6659482400000001,-3.248109360000001,-8.2,0.0,0,0,0,0,0
58,2021-22,Round 11,Ospreys,Edinburgh,23,19,Liberty Stadium,2022-01-29,-7.2,18.6,25.8,21.0,0,15.6,26.4,10.8,21.0,0,-2.1925099140000004,4.61715024,-6.809660154,-22.8,0.0,0,0,0,4,1
59,2021-22,Round 11,Zebre,Munster,17,34,Stadio Sergio Lanfranchi,2022-01-29,-24.4,8.0,32.4,30.0,0,5.4,19.8,14.4,21.0,0,-11.88254536,4.434195665999999,-16.316741026,-29.799999999999997,9.0,0,0,0,-17,0
60,2021-22,Round 11,Sharks,Stormers,22,22,Kings Park Stadium,2022-01-29,4.2,29.0,24.8,7.0,0,-3.2,22.2,25.4,7.0,0,2.328954,0.2756740000000001,2.05328,7.4,0.0,0,0,0,0,0
61,2021-22,Round 11,Cardiff,Leinster,29,27,Cardiff Arms Park,2022-01-29,-6.0,19.4,25.4,21.0,0,21.0,36.2,15.2,30.0,0,-2.8551966400000004,7.7223566,-10.57755324,-27.0,-9.0,0,0,0,2,1
62,2021-22,Round 11,Connacht,Glasgow,20,42,Galway Sportsgrounds,2022-01-29,5.0,25.8,20.8,28.0,0,6.4,24.2,17.8,21.0,0,2.28653926,1.841025654,0.445513606,-1.4000000000000004,7.0,0,0,0,-22,0
63,2021-22,Round 11,Lions,Bulls,10,34,Ellis Park Stadium,2022-01-29,-7.0,21.2,28.2,7.0,0,-8.4,17.6,26.0,7.0,0,0.4842660000000003,-3.377494,3.8617600000000003,1.4000000000000004,0.0,0,0,0,-24,0
64,2021-22,Round 8,Ulster,Connacht,32,12,Ravenhill Stadium,2022-02-04,-2.8,16.8,19.6,7.0,0,1.0,26.2,25.2,6.0,0,4.0683701326,-0.5580121006000001,4.6263822332,-3.8,1.0,0,0,0,20,1
65,2021-22,Round 9,Stormers,Sharks,20,10,Cape Town Stadium,2022-02-05,0.0,23.0,23.0,7.0,0,6.4,28.6,22.2,7.0,0,1.081002,1.523626,-0.4426239999999999,-6.4,0.0,0,0,0,10,1
66,2021-22,Round 9,Bulls,Lions,21,13,Loftus Versfeld Stadium,2022-02-05,1.8,23.0,21.2,7.0,0,-7.2,20.6,27.8,7.0,0,0.0086820000000007,-2.9019100000000004,2.910592000000001,9.0,0.0,0,0,0,8,1
67,2021-22,Round 8,Glasgow,Munster,13,11,Scotstoun Stadium,2022-02-11,8.6,29.2,20.6,13.0,0,2.8,18.0,15.2,13.0,0,4.6855770146,5.102521563399999,-0.4169445487999992,5.8,0.0,0,0,0,2,1
68,2021-22,Round 8,Leinster,Edinburgh,26,7,RDS Arena,2022-02-11,13.4,33.0,19.6,13.0,0,13.4,26.8,13.4,13.0,0,7.064601276,4.1361842246,2.9284170514000003,0.0,0.0,0,0,0,19,1
69,2021-22,Round 12,Lions,Stormers,10,32,Ellis Park Stadium,2022-02-12,-8.0,21.4,29.4,7.0,0,2.0,23.0,21.0,7.0,0,-2.8108508000000003,1.5252644000000002,-4.3361152,-10.0,0.0,0,1,0,-22,0
70,2021-22,Round 12,Bulls,Sharks,22,29,Loftus Versfeld Stadium,2022-02-12,1.4,21.4,20.0,7.0,0,1.6,25.2,23.6,7.0,0,-0.0823771999999993,1.0793636000000002,-1.1617407999999996,-0.20000000000000018,0.0,0,1,0,-7,0
71,2021-22,Round 12,Munster,Edinburgh,34,20,Thomond Park,2022-02-18,2.0,16.2,14.2,7.0,0,6.2,22.8,16.6,7.0,0,5.460827108519999,3.12902592974,2.3318011787799993,-4.2,0.0,0,0,0,14,1
72,2021-22,Round 12,Scarlets,Connacht,23,29,Parc y Scarlets,2022-02-19,-13.6,19.8,33.4,22.0,0,-8.0,21.4,29.4,15.0,0,-3.1707797986,-1.49537387728,-1.6754059213199999,-5.6,7.0,0,0,0,-6,0
73,2021-22,Round 12,Leinster,Ospreys,29,7,RDS Arena,2022-02-19,10.2,28.2,18.0,8.0,0,-8.0,19.6,27.6,21.0,0,8.07175957086,-1.7115438986000004,9.78330346946,18.2,-13.0,0,0,0,22,1
74,2021-22,Round 12,Glasgow,Benetton,13,3,Scotstoun Stadium,2022-02-19,12.2,28.8,16.6,8.0,0,1.2,21.8,20.6,22.0,0,4.327271469479999,-0.3907591760000001,4.71803064548,11.0,-14.0,0,0,0,10,1
75,2021-22,Round 12,Dragons,Ulster,0,12,Rodney Parade,2022-02-20,-10.2,16.0,26.2,23.0,0,6.2,21.0,14.8,16.0,0,-4.189246664000001,5.00573190928,-9.19497857328,-16.4,7.0,0,0,0,-12,0
76,2021-22,Round 10,Leinster,Lions,21,13,RDS Arena,2022-02-25,11.4,27.8,16.4,6.0,0,-9.2,21.4,30.6,13.0,1,8.693429223913999,-5.17723928,13.870668503913999,20.6,-7.0,1,0,0,8,1
77,2021-22,Round 10,Zebre,Bulls,7,45,Stadio Sergio Lanfranchi,2022-02-25,-21.2,10.8,32.0,27.0,0,1.4,23.8,22.4,13.0,1,-12.5508712574,-1.2662031199999997,-11.2846681374,-22.599999999999998,14.0,1,0,0,-38,0
78,2021-22,Round 10,Connacht,Stormers,19,17,Galway Sportsgrounds,2022-02-26,-12.4,18.0,30.4,7.0,0,3.6,24.6,21.0,14.0,1,-0.462914469412,3.89165288,-4.354567349412,-16.0,-7.0,1,0,0,2,1
79,2021-22,Round 10,Benetton,Sharks,7,29,Stadio Comunale di Monigo,2022-02-26,0.4,16.8,16.4,7.0,0,4.2,27.6,23.4,14.0,1,-0.3189561114520002,2.26318952,-2.582145631452,-3.8000000000000003,-7.0,1,0,0,-22,0
80,2021-22,Round 13,Edinburgh,Connacht,56,8,Edinburgh Rugby Stadium,2022-03-04,0.2,20.8,20.6,14.0,0,-6.4,18.0,24.4,6.0,0,2.562206047618,-0.4274577344707999,2.9896637820887997,6.6000000000000005,8.0,0,0,0,48,1
81,2021-22,Round 13,Ulster,Cardiff,48,12,Ravenhill Stadium,2022-03-04,6.6,19.4,12.8,12.0,0,-4.8,22.4,27.2,30.0,0,5.886234051952,-2.1974413160000004,8.083675367952,11.399999999999999,-18.0,0,0,0,36,1
82,2021-22,Round 13,Munster,Dragons,64,3,Thomond Park,2022-03-05,6.4,21.0,14.6,15.0,0,-9.8,14.0,23.8,13.0,0,6.027646990641999,-5.069748806672001,11.097395797314,16.200000000000003,2.0,0,0,0,61,1
83,2021-22,Round 13,Benetton,Leinster,17,61,Stadio Comunale di Monigo,2022-03-05,-4.2,14.4,18.6,7.0,0,15.0,30.0,15.0,8.0,0,-2.8607415483068004,7.506362373522599,-10.367103921829399,-19.2,-1.0,0,0,0,-44,0
84,2021-22,Round 13,Scarlets,Glasgow,35,10,Parc y Scarlets,2022-03-05,-8.8,21.8,30.6,14.0,0,14.4,27.8,13.4,14.0,0,-4.203239206468,4.255468404932,-8.458707611400001,-23.200000000000003,0.0,0,0,0,25,1
85,2021-22,Round 13,Ospreys,Zebre,27,22,Liberty Stadium,2022-03-06,-6.8,17.4,24.2,15.0,0,-21.6,10.8,32.4,9.0,0,-2.3332135516540005,-15.02240444366,12.689190892006,14.8,6.0,0,0,0,5,1
86,2021-22,Round 6,Sharks,Scarlets,37,20,Kings Park Stadium,2022-03-11,5.8,27.4,21.6,13.0,1,3.2,25.8,22.6,6.0,1,4.8049749568548,-1.4573684453279996,6.2623434021828,2.5999999999999996,7.0,1,0,0,17,1
87,2021-22,Round 9,Ulster,Leinster,18,13,Ravenhill Stadium,2022-03-12,15.0,26.4,11.4,8.0,0,18.2,32.8,14.6,7.0,0,7.4778665151568,10.06965198133966,-2.591785466182861,-3.1999999999999993,1.0,0,0,0,5,1
88,2021-22,Round 6,Bulls,Munster,29,24,Loftus Versfeld Stadium,2022-03-12,11.8,29.6,17.8,15.0,1,19.0,32.2,13.2,7.0,1,1.2053300662600008,7.3179074109106,-6.112577344650599,-7.199999999999999,8.0,1,1,0,5,1
89,2021-22,Round 6,Lions,Cardiff,37,20,Ellis Park Stadium,2022-03-13,-14.4,16.6,31.0,16.0,1,-10.0,21.0,31.0,9.0,1,-3.990172429608601,-3.7890737792048,-0.20109865040380104,-4.4,7.0,1,1,0,17,1
90,2021-22,Round 6,Stormers,Zebre,55,7,Danie Craven Stadium,2022-03-13,6.8,24.2,17.4,15.0,1,-20.4,14.0,34.4,7.0,1,3.8561961450588,-13.6534853544594,17.5096814995182,27.2,8.0,1,0,0,48,1
91,2021-22,Round 9,Glasgow,Edinburgh,30,17,Scotstoun Stadium,2022-03-18,5.6,23.2,17.6,13.0,0,7.0,27.2,20.2,14.0,0,1.5095976437919991,4.663239669409121,-3.153642025617122,-1.4000000000000004,-1.0,0,0,0,13,1
92,2021-22,Round 7,Bulls,Scarlets,57,12,Loftus Versfeld Stadium,2022-03-18,13.6,30.2,16.6,6.0,0,-1.4,23.0,24.4,7.0,0,1.7165878007250606,-1.93113410510972,3.6477219058347803,15.0,-1.0,1,1,0,45,1
93,2021-22,Round 7,Sharks,Zebre,38,6,Kings Park Stadium,2022-03-19,7.2,25.4,18.2,8.0,0,-26.6,13.4,40.0,6.0,0,5.2787406166365205,-14.30251720450758,19.5812578211441,33.800000000000004,2.0,1,0,0,32,1
94,2021-22,Round 7,Stormers,Cardiff,40,3,Cape Town Stadium,2022-03-20,15.6,29.2,13.6,7.0,0,-14.6,20.4,35.0,7.0,0,4.5052279951069805,-4.90918364424518,9.41441163935216,30.2,0.0,1,0,0,37,1
95,2021-22,Round 14,Munster,Benetton,51,22,Musgrave Park,2022-03-25,17.0,33.4,16.4,13.0,1,-10.2,15.8,26.0,20.0,0,6.80664967644554,-5.424031156123861,12.230680832569401,27.2,-7.0,0,0,0,29,1
96,2021-22,Round 14,Lions,Ospreys,45,15,Ellis Park Stadium,2022-03-25,-9.0,16.6,25.6,12.0,0,-7.0,19.0,26.0,19.0,1,-2.8700625645682205,-3.7021326408546,0.8320700762863793,-2.0,-7.0,1,1,0,30,1
97,2021-22,Round 14,Stormers,Ulster,23,20,Cape Town Stadium,2022-03-26,23.0,32.8,9.8,6.0,0,17.0,27.4,10.4,14.0,1,5.963786831171764,7.637045061775085,-1.673258230603321,6.0,-8.0,1,0,0,3,1
98,2021-22,Round 14,Zebre,Scarlets,24,41,Stadio Sergio Lanfranchi,2022-03-26,-28.0,11.8,39.8,7.0,1,-11.0,21.0,32.0,8.0,1,-14.744391422393171,-3.966361914526242,-10.778029507866929,-17.0,-1.0,0,0,0,-17,0
99,2021-22,Round 14,Sharks,Edinburgh,5,21,Kings Park Stadium,2022-03-26,13.6,28.6,15.0,7.0,0,-0.4,23.8,24.2,8.0,1,5.72061483452211,3.6478754668474087,2.0727393676747017,14.0,-1.0,1,0,0,-16,0
100,2021-22,Round 14,Bulls,Dragons,55,20,Loftus Versfeld Stadium,2022-03-26,17.8,34.8,17.0,8.0,0,-21.6,8.8,30.4,21.0,1,3.751815610141583,-6.360009226940601,10.111824837082185,39.400000000000006,-13.0,1,1,0,35,1
101,2021-22,Round 14,Connacht,Leinster,8,45,Galway Sportsgrounds,2022-03-26,-16.4,17.6,34.0,22.0,0,17.6,30.0,12.4,14.0,0,-2.52849135626192,9.910473434721371,-12.438964790983292,-34.0,8.0,0,0,0,-37,0
102,2021-22,Round 14,Cardiff,Glasgow,32,28,Cardiff Arms Park,2022-03-26,-22.4,14.8,37.2,6.0,1,4.4,21.6,17.2,8.0,0,-6.367742480309964,2.524961846353712,-8.892704326663676,-26.799999999999997,-2.0,0,0,0,4,1
103,2021-22,Round 15,Glasgow,Zebre,40,12,Scotstoun Stadium,2022-04-01,-0.8,18.8,19.6,6.0,0,-28.0,13.2,41.2,6.0,0,1.835691413687344,-15.966588471606478,17.80227988529382,27.2,0.0,0,0,0,28,1
104,2021-22,Round 15,Sharks,Dragons,51,3,Kings Park Stadium,2022-04-01,12.4,27.6,15.2,6.0,0,-25.4,10.0,35.4,6.0,0,3.31334089775464,-7.748826743232383,11.062167640987024,37.8,0.0,1,0,0,48,1
105,2021-22,Round 15,Benetton,Connacht,17,21,Stadio Comunale di Monigo,2022-04-02,-21.0,12.4,33.4,8.0,0,-19.4,15.2,34.6,7.0,0,-6.500963072866921,-4.884594877163591,-1.6163681957033296,-1.6000000000000014,1.0,0,0,0,-4,0
106,2021-22,Round 15,Lions,Edinburgh,15,9,Ellis Park Stadium,2022-04-02,1.8,23.6,21.8,8.0,0,3.6,24.2,20.6,7.0,0,-0.5532695721968581,6.055149403614879,-6.6084189758117375,-1.8,1.0,1,1,0,6,1
107,2021-22,Round 15,Stormers,Ospreys,29,13,Cape Town Stadium,2022-04-02,21.6,33.4,11.8,7.0,0,-12.4,18.2,30.6,8.0,0,5.831112654232096,-6.018925633225963,11.850038287458059,34.0,-1.0,1,0,0,16,1
108,2021-22,Round 15,Munster,Leinster,19,34,Thomond Park,2022-04-02,19.4,36.8,17.4,8.0,0,21.2,33.8,12.6,7.0,0,7.8835815931886,12.266576955623044,-4.382995362434444,-1.8000000000000007,1.0,0,0,0,-15,0
109,2021-22,Round 15,Scarlets,Cardiff,35,20,Parc y Scarlets,2022-04-02,-5.2,26.2,31.4,7.0,0,-16.8,19.2,36.0,7.0,0,-2.7441648653129347,-5.678472047643597,2.934307182330662,11.600000000000001,0.0,0,0,0,15,1
110,2021-22,Round 15,Bulls,Ulster,34,16,Loftus Versfeld Stadium,2022-04-02,23.2,41.6,18.4,7.0,0,14.0,26.0,12.0,7.0,0,5.1406331264333645,7.769719238714753,-2.6290861122813887,9.2,0.0,1,1,0,18,1
111,2021-22,Round 13,Sharks,Lions,37,10,Kings Park Stadium,2022-04-09,20.6,32.0,11.4,8.0,0,4.6,24.0,19.4,7.0,0,4.607124133655938,0.1075723253843156,4.499551808271622,16.0,1.0,0,0,0,27,1
112,2021-22,Round 13,Stormers,Bulls,19,17,Cape Town Stadium,2022-04-09,20.4,32.8,12.4,7.0,0,28.2,44.0,15.8,7.0,0,5.64610882548629,6.603541737661503,-0.9574329121752134,-7.800000000000001,0.0,0,0,0,2,1
113,2021-22,Round 8,Cardiff,Scarlets,14,49,Cardiff Arms Park,2022-04-09,-20.2,17.4,37.6,7.0,0,-1.0,28.6,29.6,7.0,0,-6.2850413294105305,-2.137595583546001,-4.1474457458645295,-19.2,0.0,0,0,0,-35,0
114,2021-22,Round 10,Scarlets,Dragons,27,38,Parc y Scarlets,2022-04-16,1.0,31.4,30.4,7.0,0,-31.2,7.8,39.0,15.0,1,1.0476598418675462,-9.04260997913368,10.090269821001225,32.2,-8.0,0,0,0,-11,0
115,2021-22,Round 16,Ulster,Munster,17,24,Ravenhill Stadium,2022-04-22,6.4,22.8,16.4,20.0,1,16.8,38.4,21.6,20.0,0,6.306810627486614,6.221881129432044,0.08492949805456984,-10.4,0.0,0,0,0,-7,0
116,2021-22,Round 16,Stormers,Glasgow,32,7,Cape Town Stadium,2022-04-22,21.2,33.2,12.0,13.0,0,4.4,24.2,19.8,21.0,1,5.341852116703811,2.255463425157961,3.0863886915458503,16.799999999999997,-8.0,1,0,0,25,1
117,2021-22,Round 16,Edinburgh,Zebre,29,26,Edinburgh Rugby Stadium,2022-04-22,6.2,24.6,18.4,20.0,1,-26.0,14.2,40.2,21.0,0,5.394307506033705,-16.386360483077095,21.7806679891108,32.2,-1.0,0,0,0,3,1
118,2021-22,Round 16,Bulls,Benetton,46,29,Loftus Versfeld Stadium,2022-04-23,20.2,38.4,18.2,14.0,0,-21.8,13.2,35.0,21.0,1,6.907798446443982,-7.339326253296588,14.24712469974057,42.0,-7.0,1,1,0,17,1
119,2021-22,Round 16,Dragons,Scarlets,19,38,Rodney Parade,2022-04-23,-29.0,12.8,41.8,7.0,0,2.2,32.8,30.6,7.0,0,-6.333582997033558,-1.661367140232577,-4.672215856800981,-31.2,0.0,0,0,0,-19,0
120,2021-22,Round 16,Lions,Connacht,30,33,Ellis Park Stadium,2022-04-23,3.6,24.0,20.4,14.0,0,-14.6,17.0,31.6,21.0,1,-1.5424724937885226,-4.0462316967339245,2.503759202945402,18.2,-7.0,1,1,0,-3,0
121,2021-22,Round 16,Sharks,Leinster,28,23,Kings Park Stadium,2022-04-23,21.6,33.6,12.0,14.0,0,19.8,34.8,15.0,21.0,1,6.257168952828776,13.9282774193796,-7.671108466550825,1.8000000000000007,-7.0,1,0,0,5,1
122,2021-22,Round 16,Cardiff,Ospreys,6,22,Cardiff Arms Park,2022-04-23,-20.0,17.8,37.8,14.0,0,-11.8,17.0,28.8,21.0,1,-9.470296754824078,-5.833921804480156,-3.6363749503439218,-8.2,-7.0,0,0,0,-16,0
123,2021-22,Round 17,Munster,Cardiff,42,21,Musgrave Park,2022-04-29,15.4,36.4,21.0,7.0,0,-19.8,15.0,34.8,6.0,0,7.530374079237502,-11.306659259789686,18.837033339027187,35.2,1.0,0,0,0,21,1
124,2021-22,Round 17,Bulls,Glasgow,29,17,Loftus Versfeld Stadium,2022-04-29,22.6,41.8,19.2,6.0,0,-2.6,23.0,25.6,7.0,0,6.583085976469925,0.6641022943125465,5.9189836821573785,25.200000000000003,-1.0,1,1,0,12,1
125,2021-22,Round 17,Stormers,Leinster,20,13,Cape Town Stadium,2022-04-30,16.6,28.6,12.0,8.0,0,17.2,35.2,18.0,7.0,0,6.933213247549226,13.261166572724518,-6.327953325175292,-0.5999999999999979,1.0,1,0,0,7,1
126,2021-22,Round 17,Lions,Benetton,37,29,Ellis Park Stadium,2022-04-30,4.6,27.4,22.8,7.0,0,-23.2,18.4,41.6,7.0,0,-2.692848414083062,-7.014613783322531,4.321765369239468,27.799999999999997,0.0,1,1,0,8,1
127,2021-22,Round 17,Zebre,Dragons,23,18,Stadio Sergio Lanfranchi,2022-04-30,-25.6,15.0,40.6,8.0,0,-30.4,16.6,47.0,7.0,0,-13.908293684166017,-8.36636141135346,-5.5419322728125575,4.799999999999997,1.0,0,0,0,5,1
128,2021-22,Round 17,Sharks,Connacht,41,21,Kings Park Stadium,2022-04-30,19.2,31.8,12.6,7.0,0,-15.2,17.8,33.0,7.0,0,6.924279799483859,-2.895855776439384,9.820135575923242,34.4,0.0,1,0,0,20,1
129,2021-22,Round 17,Ospreys,Scarlets,54,36,Liberty Stadium,2022-04-30,-9.4,16.8,26.2,7.0,0,15.0,38.0,23.0,7.0,0,-3.997559299514548,0.371411274087325,-4.368970573601873,-24.4,0.0,0,0,0,18,1
130,2021-22,Round 17,Edinburgh,Ulster,10,16,Edinburgh Rugby Stadium,2022-04-30,9.6,26.4,16.8,8.0,0,2.6,23.8,21.2,8.0,0,2.916240707122625,4.9983176776811575,-2.0820769705585325,7.0,0.0,0,0,0,-6,0
131,2021-22,Round 12,Cardiff,Zebre,42,14,Cardiff Arms Park,2022-05-06,-16.6,18.6,35.2,7.0,0,-15.0,18.2,33.2,6.0,0,-10.922955925886969,-13.45410045688476,2.531144530997791,-1.6000000000000014,1.0,0,0,0,28,1
132,2021-22,Round 8,Ospreys,Dragons,50,31,Liberty Stadium,2022-05-08,-1.4,26.2,27.6,8.0,0,-19.2,19.6,38.8,8.0,0,-2.3606622421543606,-8.820554638634714,6.459892396480354,17.8,0.0,0,0,0,19,1
133,2021-22,Round 9,Dragons,Cardiff,18,19,Rodney Parade,2022-05-13,-16.0,21.8,37.8,5.0,0,-11.8,20.6,32.4,7.0,0,-9.474565398986678,-8.976070378986746,-0.4984950199999325,-4.199999999999999,-2.0,0,0,0,-1,0
134,2021-22,Round 9,Benetton,Zebre,39,17,Stadio Comunale di Monigo,2022-05-14,-20.4,22.8,43.2,14.0,1,-14.2,19.8,34.0,8.0,0,-6.782437246398584,-15.40098600378498,8.618548757386396,-6.199999999999999,6.0,0,0,0,22,1
135,2021-22,Round 18,Ulster,Sharks,24,21,Ravenhill Stadium,2022-05-20,-3.4,17.4,20.8,20.0,0,16.8,32.4,15.6,20.0,1,5.990109980625304,7.342266241891535,-1.3521562612662308,-20.2,0.0,1,0,0,3,1
136,2021-22,Round 18,Ospreys,Bulls,31,38,Liberty Stadium,2022-05-20,1.4,30.8,29.4,12.0,0,16.0,36.2,20.2,21.0,1,-1.706651481802396,6.591187608254187,-8.297839090056582,-14.6,-9.0,1,0,0,-7,0
137,2021-22,Round 18,Benetton,Cardiff,69,21,Stadio Comunale di Monigo,2022-05-20,-7.2,27.2,34.4,6.0,0,-8.6,20.4,29.0,7.0,0,-6.044292122137224,-8.325919880986739,2.281627758849514,1.3999999999999995,-1.0,0,0,0,48,1
138,2021-22,Round 18,Leinster,Munster,35,25,Aviva Stadium,2022-05-21,7.0,25.6,18.6,21.0,1,7.4,32.0,24.6,22.0,0,12.528371240206988,7.146670745334784,5.381700494872204,-0.40000000000000036,-1.0,0,0,0,10,1
139,2021-22,Round 18,Edinburgh,Glasgow,28,11,Murrayfield Stadium,2022-05-21,-1.2,17.2,18.4,21.0,0,0.0,24.4,24.4,22.0,1,1.9244484041784784,0.6560006625282844,1.268447741650194,-1.2,-1.0,0,0,0,17,1
140,2021-22,Round 18,Dragons,Lions,11,21,Rodney Parade,2022-05-21,-6.6,24.8,31.4,8.0,0,2.8,27.4,24.6,21.0,1,-10.124715896986686,-2.9250249510070097,-7.199690945979676,-9.399999999999999,-13.0,1,0,0,-10,0
141,2021-22,Round 18,Connacht,Zebre,22,20,Galway Sportsgrounds,2022-05-21,-19.6,18.2,37.8,21.0,1,-15.2,18.4,33.6,7.0,0,-3.31384221884706,-16.13913112804634,12.82528890919928,-4.400000000000002,14.0,0,0,0,2,1
142,2021-22,Round 18,Scarlets,Stormers,21,26,Parc y Scarlets,2022-05-21,8.0,37.0,29.0,21.0,0,10.6,24.6,14.0,21.0,1,-1.2654857832728623,7.666008580066755,-8.931494363339617,-2.5999999999999996,0.0,1,0,0,-5,0
143,2021-22,Quarter-finals,Ulster,Munster,36,17,Ravenhill Stadium,2022-06-03,-3.8,18.6,22.4,14.0,0,6.4,32.2,25.8,13.0,0,5.825325606751927,7.284840794822004,-1.4595151880700765,-10.2,1.0,0,0,1,19,1
144,2021-22,Quarter-finals,Stormers,Edinburgh,28,17,Cape Town Stadium,2022-06-04,11.0,25.2,14.2,14.0,1,4.8,19.4,14.6,14.0,1,7.872859143732794,2.897603630013459,4.975255513719334,6.2,0.0,1,0,1,11,1
145,2021-22,Quarter-finals,Bulls,Sharks,30,27,Loftus Versfeld,2022-06-04,10.4,32.8,22.4,15.0,1,19.4,35.6,16.2,15.0,1,7.061403699248529,7.507050615764911,-0.4456469165163819,-8.999999999999998,0.0,0,1,1,3,1
146,2021-22,Quarter-finals,Leinster,Glasgow,76,14,RDS Arena,2022-06-04,10.0,30.0,20.0,14.0,0,-6.0,20.6,26.6,14.0,0,12.390201190719768,-0.3171545633066963,12.707355754026464,16.0,0.0,0,0,1,62,1
147,2021-22,Semi-finals,Leinster,Bulls,26,27,RDS Arena,2022-06-10,15.0,36.2,21.2,6.0,0,7.4,32.0,24.6,6.0,1,13.519465615317122,6.805968390900167,6.713497224416955,7.6,0.0,1,0,1,-1,0
148,2021-22,Semi-finals,Stormers,Ulster,17,15,Cape Town Stadium,2022-06-11,10.0,25.0,15.0,7.0,0,0.6,21.8,21.2,8.0,1,7.87533359236086,7.271277125558935,0.604056466801925,9.4,-1.0,1,0,1,2,1
149,2021-22,Championship final,Stormers,Bulls,18,13,Cape Town Stadium,2022-06-18,10.0,24.6,14.6,7.0,0,8.0,34.0,26.0,8.0,1,7.414927945680668,8.177318113341864,-0.7623901676611959,2.0,-1.0,0,0,1,5,1
150,2022-23,Round 1,Benetton,Glasgow,33,11,Stadio Comunale di Monigo,2022-09-16,8.2,36.6,28.4,30.0,0,-17.6,17.8,35.4,30.0,0,-2.7107184286155226,-1.0124932915328348,-1.6982251370826877,25.8,0.0,0,0,0,22,1
151,2022-23,Round 1,Edinburgh,Dragons,44,6,The DAM Health Stadium,2022-09-17,-0.6,18.6,19.2,30.0,1,-10.8,19.4,30.2,30.0,0,2.0265904269697743,-7.703322761672102,9.729913188641877,10.200000000000001,0.0,0,0,0,38,1
152,2022-23,Round 1,Ulster,Connacht,36,10,Kingspan Stadium,2022-09-17,3.8,21.6,17.8,30.0,1,-9.6,21.0,30.6,30.0,0,5.412177940567389,-3.497459776836892,8.90963771740428,13.399999999999999,0.0,0,0,0,26,1
153,2022-23,Round 1,Scarlets,Ospreys,23,23,Parc y Scarlets,2022-09-17,4.0,34.2,30.2,30.0,0,6.0,34.0,28.0,30.0,0,-1.0306354428572304,-1.5238073009577162,0.4931718581004858,-2.0,0.0,0,0,0,0,0
154,2022-23,Round 1,Cardiff,Munster,20,13,Cardiff Arms Park,2022-09-17,-11.2,21.8,33.0,30.0,0,-3.2,25.4,28.6,30.0,0,-7.348429973571251,4.087222493210497,-11.435652466781747,-7.999999999999999,0.0,0,0,0,7,1
155,2022-23,Round 1,Lions,Bulls,15,31,Ellis Park Stadium,2022-09-17,-1.2,22.6,23.8,30.0,1,3.6,27.4,23.8,30.0,0,-1.4314958319234838,5.74075536760302,-7.172251199526504,-4.8,0.0,0,0,0,-16,0
156,2022-23,Round 1,Zebre,Leinster,29,33,Stadio Sergio Lanfranchi,2022-09-17,-10.0,20.0,30.0,30.0,0,11.8,34.6,22.8,30.0,0,-10.119621565988488,8.503681125012797,-18.623302691001285,-21.8,0.0,0,0,0,-4,0
157,2022-23,Round 2,Leinster,Benetton,42,10,RDS Arena,2022-09-23,13.6,36.6,23.0,6.0,0,13.4,39.8,26.4,7.0,0,7.641350855912668,-0.9408959149072538,8.582246770819921,0.1999999999999993,-1.0,0,0,0,32,1
158,2022-23,Round 2,Zebre,Sharks,37,42,Stadio Sergio Lanfranchi,2022-09-23,-10.2,20.6,30.8,6.0,0,9.2,30.8,21.6,30.0,1,-9.25729129688836,5.43374014687929,-14.691031443767649,-19.4,-24.0,1,0,0,-5,0
159,2022-23,Round 2,Glasgow,Cardiff,52,24,Scotstoun Stadium,2022-09-23,-27.6,12.0,39.6,7.0,0,-6.6,24.6,31.2,6.0,0,-2.782315805241104,-6.104864726893076,3.3225489216519715,-21.0,1.0,0,0,0,28,1
160,2022-23,Round 2,Ospreys,Lions,27,28,Swansea.com Stadium,2022-09-24,9.2,36.0,26.8,7.0,0,-5.6,22.6,28.2,7.0,1,-0.8744901151476676,-2.914270711970833,2.0397805968231655,14.799999999999999,0.0,1,0,0,-1,0
161,2022-23,Round 2,Stormers,Connacht,38,15,Danie Craven Stadium,2022-09-24,6.0,21.8,15.8,30.0,0,-7.4,21.4,28.8,7.0,1,5.173816873712751,-4.606496005096464,9.780312878809214,13.4,23.0,1,0,0,23,1
162,2022-23,Round 2,Bulls,Edinburgh,33,31,Loftus Versfeld Stadium,2022-09-24,4.4,27.8,23.4,7.0,0,8.2,25.6,17.4,7.0,1,7.22353024765037,3.453599108105587,3.769931139544783,-3.799999999999999,0.0,1,1,0,2,1
163,2022-23,Round 2,Scarlets,Ulster,39,55,Parc y Scarlets,2022-09-24,-3.0,29.0,32.0,7.0,0,10.4,25.4,15.0,7.0,0,-1.679952628667279,6.521214168826961,-8.20116679749424,-13.4,0.0,0,0,0,-16,0
164,2022-23,Round 2,Dragons,Munster,23,17,Rodney Parade,2022-09-25,-14.6,16.8,31.4,8.0,0,-1.6,24.2,25.8,8.0,0,-9.130331442807917,2.843657246532322,-11.973988689340239,-13.0,0.0,0,0,0,6,1
165,2022-23,Round 3,Bulls,Connacht,28,14,Loftus Versfeld Stadium,2022-09-30,3.4,26.8,23.4,6.0,0,-12.8,20.2,33.0,6.0,0,6.446537133695891,-5.328464717215542,11.775001850911433,16.2,0.0,1,1,0,14,1
166,2022-23,Round 3,Ulster,Leinster,13,20,Kingspan Stadium,2022-09-30,12.4,33.2,20.8,6.0,0,21.4,42.4,21.0,7.0,0,7.901097489077537,9.183126178830676,-1.2820286897531394,-8.999999999999998,-1.0,0,0,0,-7,0
167,2022-23,Round 3,Cardiff,Lions,18,31,Cardiff Arms Park,2022-09-30,-8.0,25.2,33.2,7.0,0,0.0,26.2,26.2,6.0,0,-7.972609834727878,-2.0102926522885167,-5.962317182439362,-8.0,1.0,1,0,0,-13,0
168,2022-23,Round 3,Stormers,Edinburgh,34,18,Cape Town Stadium,2022-10-01,9.2,25.4,16.2,7.0,0,7.2,26.0,18.8,7.0,0,5.895785585831829,4.230592222060065,1.6651933637717642,1.9999999999999991,0.0,1,0,0,16,1
169,2022-23,Round 3,Benetton,Scarlets,34,23,Stadio Comunale di Monigo,2022-10-01,10.4,36.0,25.6,8.0,0,-4.0,31.4,35.4,7.0,0,-2.4826712378252616,-3.059835948917855,0.5771647110925935,14.4,1.0,0,0,0,11,1
170,2022-23,Round 3,Ospreys,Glasgow,32,17,Swansea.com Stadium,2022-10-01,5.8,37.0,31.2,7.0,0,-17.0,21.0,38.0,8.0,0,-1.7784681748299844,-0.9145706974063008,-0.8638974774236836,22.8,-1.0,0,0,0,15,1
171,2022-23,Round 3,Munster,Zebre,21,5,Musgrave Park,2022-10-01,-4.2,22.8,27.0,6.0,0,-12.2,23.4,35.6,8.0,0,1.6462583775982982,-8.888188152511594,10.534446530109893,7.999999999999999,-2.0,0,0,0,16,1
172,2022-23,Round 3,Dragons,Sharks,19,20,Rodney Parade,2022-10-01,-12.4,17.8,30.2,6.0,0,4.8,31.8,27.0,8.0,0,-7.932932573873891,5.064637002502526,-12.997569576376417,-17.2,-2.0,1,0,0,-1,0
173,2022-23,Round 4,Edinburgh,Lions,19,22,The DAM Health Stadium,2022-10-07,5.2,27.6,22.4,6.0,1,3.2,26.4,23.2,7.0,0,3.3971115584372416,-0.7065243705324529,4.103635928969695,2.0,-1.0,1,0,0,-3,0
174,2022-23,Round 4,Connacht,Munster,20,11,The Sportsground,2022-10-07,-16.2,16.4,32.6,7.0,1,-5.2,18.6,23.8,6.0,0,-4.950964532124399,1.5928137245873089,-6.5437782567117075,-11.0,1.0,0,0,0,9,1
175,2022-23,Round 4,Glasgow,Bulls,35,21,Scotstoun Stadium,2022-10-08,-17.6,21.0,38.6,7.0,0,5.6,26.4,20.8,8.0,1,-1.9009604451486688,6.069036948604747,-7.969997393753416,-23.200000000000003,-1.0,1,0,0,14,1
176,2022-23,Round 4,Zebre,Stormers,20,37,Stadio Sergio Lanfranchi,2022-10-08,-9.8,21.6,31.4,7.0,0,11.4,27.0,15.6,7.0,1,-8.834743499500604,6.729266249454653,-15.564009748955257,-21.200000000000003,0.0,1,0,0,-17,0
177,2022-23,Round 4,Leinster,Sharks,54,34,RDS Arena,2022-10-08,20.8,39.4,18.6,8.0,0,4.0,30.2,26.2,7.0,0,10.354923309855362,4.464880044864884,5.890043264990478,16.8,1.0,1,0,0,20,1
178,2022-23,Round 4,Scarlets,Cardiff,10,16,Parc y Scarlets,2022-10-08,-10.0,28.4,38.4,7.0,0,-16.2,20.4,36.6,8.0,0,-3.502119477808596,-9.276378116483942,5.774258638675346,6.199999999999999,-1.0,0,0,0,-6,0
179,2022-23,Round 4,Ulster,Ospreys,47,17,Kingspan Stadium,2022-10-08,10.4,31.0,20.6,8.0,0,5.2,32.6,27.4,7.0,0,6.729300358052851,-0.792078427087616,7.521378785140467,5.2,1.0,0,0,0,30,1
180,2022-23,Round 4,Benetton,Dragons,34,14,Stadio Comunale di Monigo,2022-10-09,14.2,37.0,22.8,8.0,0,-8.8,15.4,24.2,8.0,0,-2.040387708934521,-7.333175616236249,5.2927879073017285,23.0,0.0,0,0,0,20,1
181,2022-23,Round 5,Ospreys,Stormers,16,16,Swansea.com Stadium,2022-10-14,-4.6,26.0,30.6,6.0,0,12.6,28.8,16.2,6.0,0,-2.4399405485735697,7.472865274559128,-9.912805823132697,-17.2,0.0,1,0,0,0,0
182,2022-23,Round 5,Connacht,Leinster,0,10,Galway Sportsgrounds,2022-10-14,-10.4,16.2,26.6,7.0,0,12.4,35.0,22.6,6.0,0,-3.996586706453228,11.165918983356317,-15.162505689809546,-22.8,1.0,0,0,0,-10,0
183,2022-23,Round 5,Lions,Ulster,37,39,Ellis Park Stadium,2022-10-15,2.2,23.4,21.2,8.0,1,12.6,33.2,20.6,7.0,1,0.6038392223645166,8.377162479538804,-7.773323257174287,-10.399999999999999,1.0,1,1,0,-2,0
184,2022-23,Round 5,Sharks,Glasgow,40,12,Kings Park Stadium,2022-10-15,-4.0,28.8,32.8,7.0,1,-11.4,25.8,37.2,7.0,1,3.653884371363932,-0.3039607057733275,3.9578450771372595,7.4,0.0,1,0,0,28,1
185,2022-23,Round 5,Cardiff,Dragons,31,14,Cardiff Arms Park,2022-10-15,-15.2,19.8,35.0,7.0,0,-12.6,14.6,27.2,6.0,0,-7.498952252616407,-8.203896825506076,0.7049445728896693,-2.5999999999999996,1.0,0,0,0,17,1
186,2022-23,Round 5,Edinburgh,Benetton,53,8,DAM Health Stadium,2022-10-15,1.2,25.8,24.6,8.0,0,13.8,36.0,22.2,6.0,0,2.086747965540272,-1.1696664996646935,3.2564144652049656,-12.600000000000001,2.0,0,0,0,45,1
187,2022-23,Round 5,Scarlets,Zebre,36,12,Parc y Scarlets,2022-10-15,-7.6,23.2,30.8,7.0,0,-8.8,22.2,31.0,7.0,0,-5.279545341676131,-9.57834252460508,4.29879718292895,1.200000000000001,0.0,0,0,0,24,1
188,2022-23,Round 5,Munster,Bulls,31,17,Thomond Park,2022-10-15,-5.0,15.8,20.8,8.0,0,2.6,25.2,22.6,7.0,0,0.6384358989161381,4.472037209229406,-3.8336013103132673,-7.6,1.0,1,0,0,14,1
189,2022-23,Round 6,Benetton,Bulls,22,44,Stadio Comunale di Monigo,2022-10-21,-4.8,23.8,28.6,6.0,0,0.8,26.0,25.2,6.0,0,-3.244025053144197,3.288677078198079,-6.532702131342276,-5.6,0.0,1,0,0,-22,0
190,2022-23,Round 6,Connacht,Scarlets,36,14,Galway Sportsgrounds,2022-10-21,-12.8,11.8,24.6,7.0,0,-1.8,26.2,28.0,6.0,0,-4.0803361374722735,-3.909425059969025,-0.17091107750324852,-11.0,1.0,0,0,0,22,1
191,2022-23,Round 6,Zebre,Edinburgh,19,38,Stadio Sergio Lanfranchi,2022-10-22,-13.2,20.6,33.8,7.0,0,12.4,33.0,20.6,7.0,0,-10.948462806312184,4.161106519019776,-15.109569325331961,-25.6,0.0,0,0,0,-19,0
192,2022-23,Round 6,Leinster,Munster,27,13,Aviva Stadium,2022-10-22,14.6,31.8,17.2,8.0,0,1.6,18.6,17.0,7.0,0,11.24966841437536,1.8217960299474647,9.427872384427896,13.0,1.0,0,0,0,14,1
193,2022-23,Round 6,Cardiff,Stormers,30,24,Cardiff Arms Park,2022-10-22,-2.2,21.8,24.0,7.0,0,12.2,28.6,16.4,8.0,0,-6.469446709905374,7.081584692245858,-13.551031402151231,-14.399999999999999,-1.0,1,0,0,6,1
194,2022-23,Round 6,Dragons,Ospreys,32,25,Rodney Parade,2022-10-23,-14.0,15.2,29.2,8.0,0,-3.2,23.0,26.2,9.0,0,-9.23340236821711,-2.0486599662603,-7.18474240195681,-10.8,-1.0,0,0,0,7,1
195,2022-23,Round 7,Scarlets,Leinster,5,35,Parc y Scarlets,2022-10-28,-6.2,24.4,30.6,7.0,0,16.6,30.6,14.0,6.0,0,-5.52651616771935,11.106881175932571,-16.63339734365192,-22.8,1.0,0,0,0,-30,0
196,2022-23,Round 7,Glasgow,Benetton,37,0,Scotstoun Stadium,2022-10-28,-4.6,25.4,30.0,13.0,1,-13.6,21.6,35.2,7.0,0,-2.108176198059602,-5.39075484000997,3.2825786419503684,9.0,6.0,0,0,0,37,1
197,2022-23,Round 7,Lions,Stormers,22,31,Ellis Park Stadium,2022-10-29,-0.2,26.6,26.8,14.0,0,10.0,29.8,19.8,7.0,1,0.5811715480819453,5.726481552030736,-5.145310003948791,-10.2,7.0,0,1,0,-9,0
198,2022-23,Round 7,Dragons,Zebre,47,7,Rodney Parade,2022-10-29,-5.0,20.4,25.4,6.0,0,-16.2,18.6,34.8,7.0,0,-8.41492812802143,-11.937505873778989,3.522577745757559,11.2,-1.0,0,0,0,40,1
199,2022-23,Round 7,Munster,Ulster,14,15,Thomond Park,2022-10-29,0.2,18.6,18.4,7.0,0,13.4,38.0,24.6,14.0,1,1.9645832683902544,8.399830153821375,-6.435246885431121,-13.200000000000001,-7.0,0,0,0,-1,0
200,2022-23,Round 7,Ospreys,Connacht,19,22,Swansea.com Stadium,2022-10-29,-4.6,23.4,28.0,6.0,0,-3.2,17.0,20.2,8.0,0,-2.8671342064559813,-2.4632450297219486,-0.4038891767340327,-1.3999999999999995,-2.0,0,0,0,-3,0
201,2022-23,Round 7,Bulls,Sharks,40,27,Loftus Versfeld,2022-10-30,2.0,28.6,26.6,9.0,1,2.2,32.6,30.4,15.0,0,5.435406865063852,5.458099863650206,-0.022692998586354207,-0.20000000000000018,-6.0,0,1,0,13,1
202,2022-23,Round 7,Cardiff,Edinburgh,17,25,Cardiff Arms Park,2022-10-30,-2.4,23.8,26.2,8.0,0,8.6,31.8,23.2,8.0,0,-5.11434356969025,5.15014958648658,-10.26449315617683,-11.0,0.0,0,0,0,-8,0
203,2022-23,Round 8,Ulster,Zebre,36,15,Kingspan Stadium,2022-11-25,8.4,33.8,25.4,27.0,0,-23.2,12.6,35.8,27.0,0,8.456305465278263,-13.985248099203233,22.441553564481495,31.6,0.0,0,0,0,21,1
204,2022-23,Round 8,Stormers,Scarlets,36,19,Cape Town Stadium,2022-11-25,7.2,28.4,21.2,27.0,0,-9.0,17.6,26.6,28.0,1,6.711950551635857,-7.463176433354159,14.175126984990015,16.2,-1.0,1,0,0,17,1
205,2022-23,Round 8,Munster,Connacht,24,17,Thomond Park,2022-11-26,1.2,18.0,16.8,28.0,0,2.0,18.4,16.4,28.0,0,1.9081079569333663,-1.6036339473953518,3.5117419043287184,-0.8,0.0,0,0,0,7,1
206,2022-23,Round 8,Benetton,Edinburgh,24,17,Stadio Comunale di Monigo,2022-11-26,-14.6,19.6,34.2,29.0,0,10.6,30.6,20.0,27.0,0,-7.462496975814933,5.523700270868897,-12.98619724668383,-25.2,2.0,0,0,0,7,1
207,2022-23,Round 8,Bulls,Ospreys,43,26,Loftus Versfeld Stadium,2022-11-26,4.2,30.0,25.8,27.0,0,-5.0,21.8,26.8,28.0,1,6.137676164922487,-3.726745288782578,9.864421453705065,9.2,-1.0,1,1,0,17,1
208,2022-23,Round 8,Leinster,Glasgow,40,5,RDS Arena,2022-11-26,16.2,29.2,13.0,29.0,0,7.2,30.6,23.4,29.0,0,13.04354144156738,-0.0364340622546386,13.079975503822018,9.0,0.0,0,0,0,35,1
209,2022-23,Round 8,Sharks,Cardiff,0,35,Kings Park Stadium,2022-11-27,0.2,32.6,32.4,28.0,0,1.6,22.4,20.8,28.0,1,4.755830563791571,-5.487894254072567,10.243724817864138,-1.4000000000000001,0.0,1,0,0,-35,0
210,2022-23,Round 8,Lions,Dragons,33,25,Ellis Park Stadium,2022-11-27,1.2,28.0,26.8,29.0,0,1.8,25.2,23.4,29.0,1,-0.4042974515231757,-6.3671859025971855,5.96288845107401,-0.6000000000000001,0.0,1,1,0,8,1
211,2022-23,Round 9,Sharks,Ospreys,25,10,Kings Park Stadium,2022-12-02,-7.8,24.2,32.0,5.0,0,-11.4,20.6,32.0,6.0,0,0.1314580820051576,-3.840303143412072,3.9717612254172296,3.6000000000000005,-1.0,1,0,0,15,1
212,2022-23,Round 9,Edinburgh,Munster,17,38,DAM Health Stadium,2022-12-02,12.4,30.4,18.0,6.0,0,-0.6,18.6,19.2,6.0,0,4.125080546200514,1.6569337665004946,2.468146779700019,13.0,0.0,0,0,0,-21,0
213,2022-23,Round 9,Stormers,Dragons,34,26,Nelson Mandela Bay Stadium,2022-12-03,7.4,28.8,21.4,8.0,0,0.4,26.4,26.0,6.0,0,6.394437853136855,-5.970897057489784,12.36533491062664,7.0,2.0,1,0,0,8,1
214,2022-23,Round 9,Zebre,Glasgow,17,45,Stadio Sergio Lanfranchi,2022-12-03,-24.2,14.6,38.8,8.0,0,-5.4,21.2,26.6,7.0,0,-13.241092742755082,-1.128436511872437,-12.112656230882646,-18.799999999999997,1.0,0,0,0,-28,0
215,2022-23,Round 9,Connacht,Benetton,38,19,Galway Sportsgrounds,2022-12-03,3.4,19.0,15.6,7.0,0,-15.4,17.6,33.0,7.0,0,-1.35245975696248,-6.06387725114655,4.7114174941840705,18.8,0.0,0,0,0,19,1
216,2022-23,Round 9,Bulls,Cardiff,45,9,Loftus Versfeld Stadium,2022-12-03,4.8,33.0,28.2,7.0,0,11.2,25.8,14.6,6.0,0,6.251234019551981,-0.8635217722861537,7.114755791838134,-6.3999999999999995,1.0,1,1,0,36,1
217,2022-23,Round 9,Leinster,Ulster,38,29,RDS Arena,2022-12-03,21.8,33.2,11.4,7.0,0,9.4,30.0,20.6,8.0,0,14.135543891185176,7.712150108830113,6.423393782355062,12.4,-1.0,0,0,0,9,1
218,2022-23,Round 9,Lions,Scarlets,32,15,Ellis Park Stadium,2022-12-04,2.6,29.0,26.4,7.0,0,-10.2,16.8,27.0,9.0,0,-0.8005862966305768,-7.145663734855157,6.34507743822458,12.799999999999999,-2.0,1,1,0,17,1
219,2022-23,Round 10,Glasgow,Edinburgh,16,10,Scotstoun Stadium,2022-12-23,3.2,26.8,23.6,20.0,0,8.8,30.0,21.2,21.0,0,1.0602978650392982,1.1782658682305116,-0.11796800319121337,-5.6000000000000005,-1.0,0,0,0,6,1
220,2022-23,Round 10,Connacht,Ulster,20,22,Galway Sportsgrounds,2022-12-23,5.4,22.6,17.2,20.0,0,9.0,33.2,24.2,20.0,0,-0.5236015063808869,8.05448948706562,-8.578090993446507,-3.5999999999999996,0.0,0,0,0,-2,0
221,2022-23,Round 10,Sharks,Lions,37,10,Kings Park Stadium,2022-12-23,-5.0,25.2,30.2,21.0,0,3.4,29.2,25.8,19.0,0,0.6342819594634348,-0.3350940404530347,0.9693759999164695,-8.4,2.0,0,0,0,27,1
222,2022-23,Round 10,Stormers,Bulls,37,27,Cape Town Stadium,2022-12-23,5.6,28.2,22.6,20.0,0,14.8,37.8,23.0,20.0,0,5.357904362074192,7.939758440368167,-2.5818540782939747,-9.200000000000001,0.0,0,0,0,10,1
223,2022-23,Round 10,Benetton,Zebre,38,5,Stadio Comunale di Monigo,2022-12-24,-23.2,14.6,37.8,21.0,0,-26.4,14.0,40.4,21.0,0,-6.892735501728144,-15.429827119666818,8.537091617938675,3.1999999999999993,0.0,0,0,0,33,1
224,2022-23,Round 10,Dragons,Cardiff,24,29,Rodney Parade,2022-12-26,2.8,28.8,26.0,23.0,1,2.8,24.4,21.6,23.0,1,-4.934363566427121,-2.55204619310234,-2.3823173733247804,0.0,0.0,0,0,0,-5,0
225,2022-23,Round 10,Ospreys,Scarlets,34,14,Swansea.com Stadium,2022-12-26,-8.4,19.2,27.6,24.0,1,-12.4,17.8,30.2,22.0,1,-4.343127020870349,-7.611155991032699,3.2680289701623497,4.0,2.0,0,0,0,20,1
226,2022-23,Round 10,Munster,Leinster,19,20,Thomond Park,2022-12-26,5.4,24.0,18.6,24.0,0,19.6,30.0,10.4,23.0,0,4.603748444470497,13.793204512949671,-9.189456068479174,-14.200000000000001,1.0,0,0,0,-1,0
227,2022-23,Round 11,Edinburgh,Glasgow,25,32,Murrayfield Stadium,2022-12-30,-1.4,21.4,22.8,7.0,0,1.6,23.0,21.4,7.0,0,1.1664690679113905,1.0720946653584196,0.09437440255297092,-3.0,0.0,0,0,0,-7,0
228,2022-23,Round 11,Stormers,Lions,40,8,Cape Town Stadium,2022-12-31,7.6,32.4,24.8,8.0,0,-2.6,26.8,29.4,8.0,0,6.016089769903589,-2.338156440461388,8.354246210364977,10.2,0.0,0,0,0,32,1
229,2022-23,Round 11,Zebre,Benetton,17,40,Stadio Sergio Lanfranchi,2022-12-31,-28.2,12.6,40.8,7.0,0,-7.6,20.6,28.2,7.0,0,-16.97611795787295,-5.346444663522011,-11.62967329435094,-20.6,0.0,0,0,0,-23,0
230,2022-23,Round 11,Sharks,Bulls,47,20,Kings Park Stadium,2022-12-31,4.4,25.8,21.4,8.0,0,15.6,39.8,24.2,8.0,0,2.637344359471788,7.28157303253877,-4.644228673066982,-11.2,0.0,0,0,0,27,1
231,2022-23,Round 11,Cardiff,Ospreys,19,22,Cardiff Arms Park,2023-01-01,0.4,24.0,23.6,6.0,0,-4.4,22.8,27.2,6.0,0,-1.690277930434818,-3.269929917886584,1.5796519874517658,4.800000000000001,0.0,0,0,0,-3,0
232,2022-23,Round 11,Ulster,Munster,14,15,Ravenhill Stadium,2023-01-01,3.4,28.2,24.8,9.0,0,2.4,21.6,19.2,6.0,0,7.99668038772097,4.822694051318415,3.173986336402555,1.0,3.0,0,0,0,-1,0
233,2022-23,Round 11,Scarlets,Dragons,33,17,Parc y Scarlets,2023-01-01,-21.2,13.4,34.6,6.0,0,5.2,30.8,25.6,6.0,0,-8.684353094016464,-5.796131829094643,-2.888221264921821,-26.4,0.0,0,0,0,16,1
234,2022-23,Round 11,Leinster,Connacht,41,12,RDS Arena,2023-01-01,17.8,32.0,14.2,6.0,0,7.0,26.6,19.6,9.0,0,13.574258906101754,-0.4657924070362362,14.04005131313799,10.8,-3.0,0,0,0,29,1
235,2022-23,Round 12,Dragons,Bulls,14,29,Rodney Parade,2023-01-06,0.6,27.8,27.2,5.0,0,5.8,35.0,29.2,6.0,1,-7.084953955586824,4.717150165232072,-11.802104120818896,-5.2,-1.0,1,0,0,-15,0
236,2022-23,Round 12,Munster,Lions,33,3,Musgrave Park,2023-01-06,5.4,22.0,16.6,5.0,0,-8.6,21.0,29.6,6.0,1,5.840092684958671,-3.9027318194248894,9.742824504383561,14.0,-1.0,1,0,0,30,1
237,2022-23,Round 12,Benetton,Ulster,31,29,Stadio Comunale di Monigo,2023-01-07,1.4,24.2,22.8,7.0,0,2.8,23.2,20.4,6.0,0,-3.6094119929571047,6.979281754080714,-10.58869374703782,-1.4,1.0,0,0,0,2,1
238,2022-23,Round 12,Edinburgh,Zebre,24,17,DAM Health Stadium,2023-01-07,-6.6,18.8,25.4,8.0,0,-29.0,12.2,41.2,7.0,0,-0.1429683723439068,-18.71315062843786,18.57018225609395,22.4,1.0,0,0,0,7,1
239,2022-23,Round 12,Cardiff,Scarlets,22,28,Cardiff Arms Park,2023-01-07,-1.4,21.8,23.2,6.0,0,-13.6,17.2,30.8,6.0,0,-2.7482431291799947,-7.395530967524282,4.647287838344287,12.2,0.0,0,0,0,-6,0
240,2022-23,Round 12,Connacht,Sharks,24,12,Galway Sportsgrounds,2023-01-07,-3.2,21.8,25.0,6.0,0,4.2,27.2,23.0,7.0,1,-1.3617872757224372,5.201767226778486,-6.563554502500923,-7.4,-1.0,1,0,0,12,1
241,2022-23,Round 12,Ospreys,Leinster,19,24,Swansea.com Stadium,2023-01-07,-2.4,22.2,24.6,6.0,0,20.8,34.8,14.0,6.0,0,-2.211964719141408,14.470253774787954,-16.682218493929362,-23.2,0.0,0,0,0,-5,0
242,2022-23,Round 12,Glasgow,Stormers,24,17,Scotstoun Stadium,2023-01-08,8.6,27.0,18.4,9.0,0,15.2,35.6,20.4,8.0,1,2.381532105613717,7.580665148867091,-5.199133043253374,-6.6,1.0,1,0,0,7,1
243,2022-23,Round 13,Scarlets,Bulls,37,28,Parc y Scarlets,2023-01-27,-6.4,21.8,28.2,20.0,0,6.2,32.8,26.6,21.0,0,-5.730802183689853,5.636939753150182,-11.367741936840035,-12.600000000000001,-1.0,1,0,0,9,1
244,2022-23,Round 13,Ulster,Stormers,35,5,Kingspan Stadium,2023-01-27,2.2,26.0,23.8,20.0,0,12.0,32.8,20.8,19.0,0,6.320412379376932,6.960751844541753,-0.6403394651648213,-9.8,1.0,1,0,0,30,1
245,2022-23,Round 13,Leinster,Cardiff,38,14,RDS Arena,2023-01-28,15.8,32.6,16.8,21.0,0,-1.0,22.8,23.8,21.0,0,13.902031925395018,-4.412971913014424,18.315003838409442,16.8,0.0,0,0,0,24,1
246,2022-23,Round 13,Edinburgh,Sharks,19,22,DAM Health Stadium,2023-01-28,-6.8,18.6,25.4,21.0,0,4.4,24.2,19.8,21.0,0,-1.899986597953302,3.9454117765283936,-5.845398374481696,-11.2,0.0,1,0,0,-3,0
247,2022-23,Round 13,Connacht,Lions,43,24,Galway Sportsgrounds,2023-01-28,-1.4,22.2,23.6,21.0,0,-12.8,17.2,30.0,22.0,0,-0.1054318254723447,-5.328449368986535,5.22301754351419,11.4,-1.0,1,0,0,19,1
248,2022-23,Round 13,Benetton,Munster,30,40,Stadio Comunale di Monigo,2023-01-28,9.2,30.4,21.2,21.0,0,11.6,25.8,14.2,22.0,0,-2.9505426182533228,7.265810234520314,-10.216352852773637,-2.4000000000000004,-1.0,0,0,0,-10,0
249,2022-23,Round 13,Dragons,Glasgow,28,42,Rodney Parade,2023-01-28,-10.4,21.2,31.6,22.0,0,2.6,24.4,21.8,20.0,0,-8.004743543504935,3.001445409939054,-11.006188953443989,-13.0,2.0,0,0,0,-14,0
250,2022-23,Round 13,Zebre,Ospreys,24,28,Stadio Sergio Lanfranchi,2023-01-29,-22.4,14.2,36.6,22.0,0,-2.8,22.2,25.0,22.0,0,-16.956132402828462,-1.643742869748471,-15.31238953307999,-19.599999999999998,0.0,0,0,0,-4,0
251,2022-23,Round 1 (rescheduled match),Sharks,Stormers,19,46,Kings Park Stadium,2023-02-04,12.0,28.6,16.6,7.0,1,2.6,26.6,24.0,8.0,1,4.260871939080224,4.49671789802527,-0.23584595894504634,9.4,-1.0,0,0,0,-27,0
252,2022-23,Round 14,Munster,Ospreys,58,3,Thomond Park,2023-02-17,12.2,29.0,16.8,20.0,0,1.4,22.6,21.2,19.0,0,7.844174949242951,-2.17498182305647,10.019156772299421,10.799999999999999,1.0,0,0,0,55,1
253,2022-23,Round 14,Glasgow,Ulster,17,11,Scotstoun Stadium,2023-02-17,12.4,31.8,19.4,20.0,0,4.0,25.8,21.8,21.0,0,3.9008265145946552,8.784446325893414,-4.883619811298759,8.4,-1.0,0,0,0,6,1
254,2022-23,Round 14,Lions,Sharks,7,29,Ellis Park,2023-02-18,-18.2,15.4,33.6,21.0,1,3.6,27.4,23.8,14.0,0,-6.106147614635116,0.9844565349747288,-7.090604149609845,-21.8,7.0,0,1,0,-22,0
255,2022-23,Round 14,Zebre,Connacht,34,57,Stadio Sergio Lanfranchi,2023-02-18,-19.0,16.0,35.0,20.0,0,3.8,27.4,23.6,21.0,0,-16.424893449520464,0.6722664201762364,-17.0971598696967,-22.8,-1.0,0,0,0,-23,0
256,2022-23,Round 14,Bulls,Stormers,19,23,Loftus Versfeld Stadium,2023-02-18,1.0,29.8,28.8,22.0,1,6.4,29.0,22.6,14.0,0,4.200165559466178,7.773133302130766,-3.572967742664588,-5.4,8.0,0,1,0,-4,0
257,2022-23,Round 14,Leinster,Dragons,43,14,RDS Arena,2023-02-18,13.6,32.2,18.6,21.0,0,-11.6,21.8,33.4,21.0,0,13.870531541554074,-8.904124648160536,22.774656189714612,25.2,0.0,0,0,0,29,1
258,2022-23,Round 14,Cardiff,Benetton,30,13,Cardiff Arms Park,2023-02-18,-12.8,18.6,31.4,21.0,0,5.8,31.6,25.8,21.0,0,-4.38147152917348,-3.528907332975959,-0.8525641961975206,-18.6,0.0,0,0,0,17,1
259,2022-23,Round 14,Scarlets,Edinburgh,42,14,Parc y Scarlets,2023-02-18,-1.2,25.4,26.6,22.0,0,-6.0,19.0,25.0,21.0,0,-4.29402799000585,-2.215446760505132,-2.0785812295007178,4.8,1.0,0,0,0,28,1
260,2022-23,Round 6 (rescheduled matches),Sharks,Ulster,24,31,Kings Park Stadium,2023-02-25,2.6,25.8,23.2,7.0,0,4.6,22.2,17.6,8.0,1,3.0753961200137443,8.296084344763539,-5.220688224749795,-1.9999999999999996,-1.0,1,0,0,-7,0
261,2022-23,Round 6 (rescheduled matches),Lions,Glasgow,35,24,Ellis Park Stadium,2023-02-25,-26.0,10.4,36.4,7.0,0,8.0,26.2,18.2,8.0,1,-8.197087199674131,4.389188495724532,-12.586275695398664,-34.0,-1.0,1,1,0,11,1
262,2022-23,Round 15,Glasgow,Zebre,50,8,Scotstoun Stadium,2023-03-03,4.6,27.8,23.2,6.0,1,-18.0,19.4,37.4,13.0,0,2.630560926184665,-17.615177462550793,20.245738388735457,22.6,-7.0,0,0,0,42,1
263,2022-23,Round 15,Munster,Scarlets,49,42,Musgrave Park,2023-03-03,19.0,33.0,14.0,14.0,0,7.8,30.8,23.0,13.0,0,9.242259272013008,-1.8861698670557776,11.128429139068786,11.2,1.0,0,0,0,7,1
264,2022-23,Round 15,Stormers,Sharks,29,23,Cape Town Stadium,2023-03-04,5.2,26.2,21.0,14.0,0,-4.2,21.2,25.4,7.0,0,8.415836527864307,2.297464942488724,6.118371585375583,9.4,7.0,0,0,0,6,1
265,2022-23,Round 15,Bulls,Lions,25,29,Loftus Versfeld Stadium,2023-03-04,-7.0,24.6,31.6,14.0,0,-18.4,15.4,33.8,7.0,0,3.557462333732637,-6.438459630134265,9.995921963866902,11.399999999999999,7.0,0,0,0,-4,0
266,2022-23,Round 15,Edinburgh,Leinster,27,47,DAM Health Stadium,2023-03-04,-7.4,18.4,25.8,14.0,0,17.6,33.2,15.6,14.0,0,-4.623304883455204,13.893065922582611,-18.516370806037816,-25.0,0.0,0,0,0,-20,0
267,2022-23,Round 15,Ospreys,Benetton,20,21,Swansea.com Stadium,2023-03-04,-6.6,21.2,27.8,15.0,0,6.2,30.4,24.2,14.0,0,-3.573066145826528,-4.714163752595711,1.1410976067691831,-12.8,1.0,0,0,0,-1,0
268,2022-23,Round 15,Dragons,Connacht,20,22,Rodney Parade,2023-03-04,-15.8,19.4,35.2,14.0,0,4.6,31.2,26.6,14.0,0,-8.926659029189075,1.8625504332065663,-10.789209462395641,-20.4,0.0,0,0,0,-2,0
269,2022-23,Round 15,Cardiff,Ulster,20,42,Cardiff Arms Park,2023-03-04,-2.2,22.8,25.0,14.0,0,5.6,24.0,18.4,7.0,1,-3.1962151095537275,9.07401552228856,-12.270230631842288,-7.8,7.0,0,0,0,-22,0
270,2022-23,Round 16,Zebre,Cardiff,30,34,Stadio Sergio Lanfranchi,2023-03-24,-19.8,20.0,39.8,21.0,0,-7.6,21.0,28.6,20.0,0,-17.99060362367725,-4.769192046369499,-13.22141157730775,-12.200000000000001,1.0,0,0,0,-4,0
271,2022-23,Round 16,Leinster,Stormers,22,22,RDS Arena,2023-03-24,21.4,38.6,17.2,20.0,0,0.0,24.0,24.0,20.0,1,14.641428841978833,7.803999369326749,6.837429472652084,21.4,0.0,1,0,0,0,0
272,2022-23,Round 16,Benetton,Lions,28,32,Stadio Comunale di Monigo,2023-03-25,-0.2,27.0,27.2,21.0,0,-11.2,19.6,30.8,21.0,1,-3.900053991918793,-4.438867433747575,0.5388134418287818,11.0,0.0,1,0,0,-4,0
273,2022-23,Round 16,Ospreys,Dragons,37,18,Swansea.com Stadium,2023-03-25,-10.8,18.4,29.2,21.0,0,-15.2,18.6,33.8,21.0,0,-4.387175906503446,-8.64773808294951,4.260562176446065,4.399999999999999,0.0,0,0,0,19,1
274,2022-23,Round 16,Connacht,Edinburgh,41,26,Galway Sportsgrounds,2023-03-25,5.4,31.6,26.2,21.0,0,-10.2,21.8,32.0,21.0,0,1.5836294869670022,-5.371667802851423,6.955297289818425,15.6,0.0,0,0,0,15,1
275,2022-23,Round 16,Scarlets,Sharks,32,20,Parc y Scarlets,2023-03-25,10.4,36.4,26.0,22.0,0,-3.0,23.4,26.4,21.0,1,-0.873326953148899,2.9093021010262823,-3.7826290541751812,13.4,1.0,1,0,0,12,1
276,2022-23,Round 16,Munster,Glasgow,26,38,Thomond Park,2023-03-25,20.6,39.0,18.4,22.0,0,11.6,31.4,19.8,22.0,0,8.22941635810613,3.0059870873111194,5.223429270795011,9.000000000000002,0.0,0,0,0,-12,0
277,2022-23,Round 16,Ulster,Bulls,32,23,Ravenhill Stadium,2023-03-25,10.2,29.6,19.4,21.0,0,-5.8,24.2,30.0,21.0,1,10.646992459104332,1.557870137345947,9.089122321758385,16.0,0.0,1,0,0,9,1
278,2022-23,Round 17,Sharks,Benetton,43,33,Kings Park Stadium,2023-04-14,-6.0,23.0,29.0,20.0,1,-5.6,24.6,30.2,20.0,1,1.931039195608764,-4.953935336101671,6.884974531710435,-0.40000000000000036,0.0,1,0,0,10,1
279,2022-23,Round 17,Glasgow,Scarlets,12,9,Scotstoun Stadium,2023-04-14,12.6,34.2,21.6,20.0,0,9.6,36.2,26.6,20.0,0,5.3283300143906205,0.1049359522686192,5.223394062122002,3.0,0.0,0,0,0,3,1
280,2022-23,Round 17,Ulster,Dragons,40,19,Ravenhill Stadium,2023-04-14,12.4,30.2,17.8,20.0,0,-15.8,18.8,34.6,20.0,0,10.038080226928496,-9.521681865304904,19.5597620922334,28.200000000000003,0.0,0,0,0,21,1
281,2022-23,Round 17,Stormers,Munster,24,26,Cape Town Stadium,2023-04-15,1.4,25.0,23.6,22.0,1,18.0,41.2,23.2,21.0,1,9.087742316591957,5.907073431026629,3.1806688855653276,-16.6,1.0,1,0,0,-2,0
282,2022-23,Round 17,Lions,Leinster,36,39,Ellis Park Stadium,2023-04-15,-4.4,25.4,29.8,21.0,1,15.6,34.8,19.2,22.0,1,-3.3849860895646966,13.357685894713622,-16.742671984278317,-20.0,-1.0,1,1,0,-3,0
283,2022-23,Round 17,Connacht,Cardiff,38,19,Galway Sportsgrounds,2023-04-15,14.2,37.4,23.2,21.0,0,-6.2,24.0,30.2,22.0,0,1.78809975798516,-5.091333204100274,6.879432962085434,20.4,-1.0,0,0,0,19,1
284,2022-23,Round 17,Edinburgh,Ospreys,45,21,DAM Health Stadium,2023-04-15,-11.8,22.0,33.8,21.0,0,-7.6,21.4,29.0,21.0,0,-5.576138073869581,-3.513232124148052,-2.0629059497215287,-4.200000000000001,0.0,0,0,0,24,1
285,2022-23,Round 17,Bulls,Zebre,78,12,Loftus Versfeld Stadium,2023-04-15,-2.2,24.8,27.0,21.0,1,-16.0,22.6,38.6,22.0,1,2.1667823695217856,-17.668462465946472,19.83524483546826,13.8,-1.0,1,1,0,66,1
286,2022-23,Round 18,Stormers,Benetton,38,22,Danie Craven Stadium,2023-04-21,7.0,28.8,21.8,6.0,0,-8.0,25.0,33.0,7.0,0,7.969675428035424,-4.665437882930628,12.635113310966052,15.0,-1.0,1,0,0,16,1
287,2022-23,Round 18,Ulster,Edinburgh,28,14,Ravenhill Stadium,2023-04-21,10.6,31.2,20.6,7.0,0,-8.4,26.2,34.6,6.0,0,9.582104017705154,-3.569847478897428,13.151951496602582,19.0,1.0,0,0,0,14,1
288,2022-23,Round 18,Lions,Zebre,50,35,Ellis Park Stadium,2023-04-22,-1.2,27.8,29.0,7.0,0,-27.8,21.6,49.4,7.0,0,-2.6107188911368646,-18.084937982399648,15.474219091262784,26.6,0.0,1,1,0,15,1
289,2022-23,Round 18,Dragons,Scarlets,31,14,Principality Stadium,2023-04-22,-17.0,19.8,36.8,8.0,0,7.8,32.4,24.6,8.0,0,-9.065705656081564,0.9272753584808194,-9.992981014562384,-24.8,0.0,0,0,0,17,1
290,2022-23,Round 18,Bulls,Leinster,62,7,Loftus Versfeld Stadium,2023-04-22,8.0,34.6,26.6,7.0,0,15.2,37.8,22.6,7.0,0,2.58325788597496,12.58341869628579,-10.00016081031083,-7.199999999999999,0.0,1,1,0,55,1
291,2022-23,Round 18,Sharks,Munster,22,22,Kings Park Stadium,2023-04-22,1.4,27.8,26.4,8.0,0,12.4,39.8,27.4,7.0,0,1.6425417424377204,7.025140319583162,-5.382598577145441,-11.0,1.0,1,0,0,0,0
292,2022-23,Round 18,Ospreys,Cardiff,21,38,Principality Stadium,2023-04-22,-11.4,21.8,33.2,7.0,0,-8.8,23.4,32.2,7.0,0,-5.519522719120205,-5.703389907891731,0.18386718877152575,-2.5999999999999996,0.0,0,0,0,-17,0
293,2022-23,Round 18,Glasgow,Connacht,29,27,Scotstoun Stadium,2023-04-22,10.4,28.2,17.8,8.0,0,15.6,40.2,24.6,7.0,0,4.50599060817842,2.4001564617766165,2.1058341464018038,-5.199999999999999,1.0,0,0,0,2,1
294,2022-23,Quarter-finals,Ulster,Connacht,10,15,Ravenhill Stadium,2023-05-05,14.6,34.6,20.0,14.0,0,11.4,37.0,25.6,13.0,0,9.066908868044896,3.010739876416797,6.056168991628099,3.1999999999999993,1.0,0,0,1,-5,0
295,2022-23,Quarter-finals,Stormers,Bulls,33,21,Cape Town Stadium,2023-05-06,4.8,27.2,22.4,15.0,0,20.8,41.4,20.6,14.0,0,7.706164096938818,5.983273967006043,1.7228901299327752,-16.0,1.0,0,0,1,12,1
296,2022-23,Quarter-finals,Leinster,Sharks,35,5,Aviva Stadium,2023-05-06,-0.6,31.6,32.2,14.0,1,-3.0,26.4,29.4,14.0,1,9.183402615254709,1.580801600152265,7.602601015102444,2.4,0.0,1,0,1,30,1
297,2022-23,Quarter-finals,Glasgow,Munster,5,14,Scotstoun Stadium,2023-05-06,9.6,30.6,21.0,14.0,0,10.4,36.2,25.8,14.0,1,3.89540719353824,7.086880461868618,-3.1914732683303777,-0.8000000000000007,0.0,0,0,1,-9,0
298,2022-23,Semi-finals,Stormers,Connacht,43,25,Cape Town Stadium,2023-05-13,6.4,29.2,22.8,7.0,0,7.8,28.6,20.8,8.0,1,8.13387508394554,4.716356775579607,3.417518308365933,-1.3999999999999995,-1.0,1,0,1,18,1
299,2022-23,Semi-finals,Leinster,Munster,15,16,Aviva Stadium,2023-05-13,-0.4,30.0,30.4,7.0,0,1.2,27.4,26.2,7.0,0,10.823142513744465,8.26773313503558,2.555409378708884,-1.6,0.0,0,0,1,-1,0
300,2022-23,Final,Stormers,Munster,14,19,Cape Town Stadium,2023-05-27,8.8,32.0,23.2,14.0,0,0.0,20.8,20.8,14.0,1,8.992123253108947,9.223274072906468,-0.23115081979752183,8.8,0.0,1,0,1,-5,0
301,2023-24,Round 1,Zebre,Ulster,36,40,"Stadio Sergio Lanfranchi, Parma",2023-10-21,-30.0,23.8,53.8,30.0,1,12.2,30.4,18.2,30.0,0,-12.206261251291355,5.15290437821746,-17.359165629508816,-42.2,0.0,0,0,0,-4,0
302,2023-24,Round 1,Connacht,Ospreys,34,26,"The Sportsground, Galway",2023-10-21,3.8,29.2,25.4,30.0,1,-15.6,20.4,36.0,30.0,0,2.70067602449134,-5.486536606598151,8.18721263108949,19.4,0.0,0,0,0,8,1
303,2023-24,Round 1,Lions,Stormers,33,35,"Ellis Park Stadium, Johannesburg",2023-10-21,6.2,36.4,30.2,30.0,0,7.8,30.4,22.6,30.0,0,-2.2806985601842,5.540666834562089,-7.821365394746289,-1.5999999999999996,0.0,0,1,0,-2,0
304,2023-24,Round 1,Dragons,Edinburgh,17,22,"Rodney Parade, Newport",2023-10-21,-10.8,20.4,31.2,30.0,0,-10.6,25.2,35.8,30.0,0,-4.876485288237728,-2.1382566304660187,-2.738228657771709,-0.20000000000000107,0.0,0,0,0,-5,0
305,2023-24,Round 1,Cardiff,Benetton,22,23,"Cardiff Arms Park, Cardiff",2023-10-21,-0.6,28.2,28.8,30.0,0,-9.2,23.4,32.6,30.0,1,-2.3695022323102046,-3.0813485862838155,0.7118463539736108,8.6,0.0,0,0,0,-1,0
306,2023-24,Round 1,Munster,Sharks,34,21,"Thomond Park, Limerick",2023-10-21,3.4,19.4,16.0,30.0,1,-7.6,22.6,30.2,30.0,0,7.210111293648701,-0.0412568088362437,7.251368102484945,11.0,0.0,1,0,0,13,1
307,2023-24,Round 1,Bulls,Scarlets,63,21,"Loftus Versfeld Stadium, Pretoria",2023-10-22,19.2,41.8,22.6,30.0,0,2.6,27.8,25.2,30.0,1,3.888894085999524,-0.820415920082793,4.709310006082317,16.599999999999998,0.0,1,1,0,42,1
308,2023-24,Round 1,Glasgow,Leinster,43,25,"Scotstoun Stadium, Glasgow",2023-10-22,10.0,26.8,16.8,30.0,0,-4.6,23.6,28.2,30.0,0,1.900188164259894,6.907321103111502,-5.007132938851608,14.6,0.0,0,0,0,18,1
309,2023-24,Round 2,Ospreys,Zebre,34,31,"Swansea.com Stadium, Swansea",2023-10-28,-6.2,25.0,31.2,7.0,0,-26.2,24.2,50.4,7.0,0,-4.867815343489202,-11.470344688340475,6.602529344851273,20.0,0.0,0,0,0,3,1
310,2023-24,Round 2,Connacht,Glasgow,34,26,"The Sportsground, Galway",2023-10-28,2.4,27.8,25.4,7.0,0,5.2,25.4,20.2,6.0,0,2.081954761382391,3.6009014581450547,-1.5189466967626637,-2.8000000000000003,1.0,0,0,0,8,1
311,2023-24,Round 2,Stormers,Scarlets,52,7,"Danie Craven Stadium, Stellenbosch",2023-10-28,8.6,32.6,24.0,7.0,0,-11.4,23.6,35.0,6.0,0,5.55853029508746,-2.749484919474561,8.308015214562023,20.0,1.0,1,0,0,45,1
312,2023-24,Round 2,Leinster,Sharks,34,13,"RDS Arena, Dublin",2023-10-28,-8.2,24.2,32.4,6.0,0,-9.0,22.2,31.2,7.0,0,5.206607809226341,-0.0161199985877493,5.22272780781409,0.8000000000000007,-1.0,1,0,0,21,1
313,2023-24,Round 2,Edinburgh,Lions,17,16,"Edinburgh Rugby Stadium, Edinburgh",2023-10-28,-4.0,26.8,30.8,7.0,0,3.6,36.0,32.4,7.0,1,-1.3120794962431894,-2.2985620207095714,0.986482524466382,-7.6,0.0,1,0,0,1,1
314,2023-24,Round 2,Ulster,Bulls,26,19,"Ravenhill Stadium, Belfast",2023-10-29,8.6,30.0,21.4,8.0,0,28.4,49.4,21.0,7.0,1,4.4169878152665785,5.817963085391292,-1.4009752701247136,-19.799999999999997,1.0,1,0,0,7,1
315,2023-24,Round 2,Benetton,Munster,13,13,"Stadio Comunale di Monigo, Treviso",2023-10-29,-5.6,25.4,31.0,8.0,0,5.6,21.0,15.4,8.0,0,-2.310163950886454,7.184974483400207,-9.495138434286662,-11.2,0.0,0,0,0,0,0
316,2023-24,Round 2,Dragons,Cardiff,9,16,"Rodney Parade, Newport",2023-10-29,-6.0,21.0,27.0,8.0,0,-4.2,26.6,30.8,8.0,0,-5.702662422460557,-3.140686867707566,-2.5619755547529914,-1.7999999999999998,0.0,0,0,0,-7,0
317,2023-24,Round 3,Glasgow,Stormers,20,9,"Scotstoun Stadium, Glasgow",2023-11-03,1.2,23.0,21.8,6.0,0,14.4,35.4,21.0,6.0,1,3.2490067884687885,7.127728773631258,-3.8787219851624695,-13.200000000000001,0.0,1,0,0,11,1
318,2023-24,Round 3,Ospreys,Sharks,19,5,Twickenham Stoop,2023-11-03,-5.4,27.8,33.2,6.0,0,-10.8,20.8,31.6,6.0,0,-5.828068277974329,-0.9938472178063404,-4.834221060167988,5.4,0.0,1,0,0,14,1
319,2023-24,Round 3,Zebre,Bulls,29,54,"Stadio Sergio Lanfranchi, Parma",2023-11-04,-18.4,28.8,47.2,7.0,0,28.8,48.6,19.8,6.0,0,-10.510091753855349,5.577865558378821,-16.08795731223417,-47.2,1.0,1,0,0,-25,0
320,2023-24,Round 3,Leinster,Edinburgh,36,27,"RDS Arena, Dublin",2023-11-04,-4.6,23.2,27.8,7.0,0,0.2,24.8,24.6,7.0,0,6.1843350284449325,-1.9107277486898275,8.09506277713476,-4.8,0.0,0,0,0,9,1
321,2023-24,Round 3,Scarlets,Cardiff,31,25,"Parc y Scarlets, Llanelli",2023-11-04,-19.0,16.6,35.6,7.0,1,1.6,25.8,24.2,6.0,0,-4.31868339801836,-2.096884423182865,-2.2217989748354947,-20.6,1.0,0,0,0,6,1
322,2023-24,Round 3,Munster,Dragons,45,14,"Musgrave Park, Cork",2023-11-04,5.6,19.2,13.6,6.0,0,-7.0,18.8,25.8,6.0,0,6.83546063997154,-6.746464866985258,13.581925506956798,12.6,0.0,0,0,0,31,1
323,2023-24,Round 3,Connacht,Ulster,22,20,"The Sportsground, Galway",2023-11-04,0.2,27.0,26.8,7.0,0,8.2,28.8,20.6,6.0,0,2.4338494310586576,4.65708534227905,-2.2232359112203923,-7.999999999999999,1.0,0,0,0,2,1
324,2023-24,Round 3,Benetton,Lions,15,10,"Stadio Comunale di Monigo, Treviso",2023-11-05,-5.8,23.8,29.6,7.0,0,2.6,33.4,30.8,8.0,0,-1.960650107457788,-1.6999137682629333,-0.2607363391948547,-8.4,-1.0,1,0,0,5,1
325,2023-24,Round 4,Cardiff,Bulls,12,18,"Cardiff Arms Park, Cardiff",2023-11-10,-0.4,24.0,24.4,6.0,0,20.6,43.8,23.2,6.0,0,-2.3190643206664143,7.069069827155404,-9.38813414782182,-21.0,0.0,1,0,0,-6,0
326,2023-24,Round 4,Ulster,Munster,21,14,"Ravenhill Stadium, Belfast",2023-11-10,3.6,24.8,21.2,6.0,0,10.0,25.4,15.4,6.0,0,4.834761751157011,7.87726808927586,-3.0425063381188497,-6.4,0.0,0,0,0,7,1
327,2023-24,Round 4,Zebre,Sharks,12,10,"Stadio Sergio Lanfranchi, Parma",2023-11-10,-22.6,28.6,51.2,6.0,0,-15.6,13.2,28.8,7.0,0,-12.00129602263193,-2.2772693238231394,-9.72402669880879,-7.000000000000002,-1.0,1,0,0,2,1
328,2023-24,Round 4,Ospreys,Glasgow,23,31,"Swansea.com Stadium, Swansea",2023-11-11,-6.4,24.2,30.6,8.0,0,2.8,24.6,21.8,8.0,0,-4.54464617195753,4.136878986985035,-8.681525158942566,-9.2,0.0,0,0,0,-8,0
329,2023-24,Round 4,Benetton,Stormers,20,17,"Stadio Comunale di Monigo, Treviso",2023-11-11,-4.0,21.2,25.2,6.0,0,9.8,30.6,20.8,8.0,0,-2.0345764735383027,6.239856575115011,-8.274433048653314,-13.8,-2.0,1,0,0,3,1
330,2023-24,Round 4,Edinburgh,Connacht,25,22,"Edinburgh Rugby Stadium, Edinburgh",2023-11-11,1.4,25.0,23.6,7.0,0,1.0,26.0,25.0,7.0,0,-1.4012214709763513,2.256173022180697,-3.657394493157048,0.3999999999999999,0.0,0,0,0,3,1
331,2023-24,Round 4,Scarlets,Lions,23,24,"Parc y Scarlets, Llanelli",2023-11-11,-20.2,16.4,36.6,7.0,0,0.8,29.0,28.2,6.0,0,-4.09650350053481,-1.6259874021824188,-2.4705160983523915,-21.0,1.0,1,0,0,-1,0
332,2023-24,Round 4,Dragons,Leinster,10,33,"Rodney Parade, Newport",2023-11-12,-9.4,18.0,27.4,8.0,0,8.2,29.0,20.8,8.0,0,-7.788272316289579,5.674828750731456,-13.463101067021036,-17.6,0.0,0,0,0,-23,0
333,2023-24,Round 5,Edinburgh,Bulls,31,23,"Edinburgh Rugby Stadium, Edinburgh",2023-11-17,-2.8,21.0,23.8,6.0,0,10.8,35.0,24.2,7.0,0,-1.3354820216606464,7.330256412373222,-8.66573843403387,-13.600000000000001,-1.0,1,0,0,8,1
334,2023-24,Round 5,Ulster,Lions,24,17,"Ravenhill Stadium, Belfast",2023-11-17,2.2,23.4,21.2,7.0,0,1.6,26.6,25.0,6.0,0,5.239012384968896,-1.173039012017658,6.412051396986554,0.6000000000000001,1.0,1,0,0,7,1
335,2023-24,Round 5,Zebre,Cardiff,22,22,"Stadio Sergio Lanfranchi, Parma",2023-11-17,-9.0,28.6,37.6,7.0,0,2.2,22.6,20.4,7.0,0,-11.42889335275105,-2.5802509058842324,-8.848642446866817,-11.2,0.0,0,0,0,0,0
336,2023-24,Round 5,Sharks,Connacht,12,13,"Kings Park Stadium, Durban",2023-11-18,-16.0,10.8,26.8,8.0,1,-0.6,27.4,28.0,7.0,1,-2.8496719937040185,2.190433572864992,-5.040105566569011,-15.4,1.0,1,0,0,-1,0
337,2023-24,Round 5,Dragons,Ospreys,20,5,"Rodney Parade, Newport",2023-11-18,-9.8,16.2,26.0,6.0,0,-3.2,24.6,27.8,7.0,0,-9.341962209587477,-5.076493656063274,-4.265468553524203,-6.6000000000000005,-1.0,0,0,0,15,1
338,2023-24,Round 5,Munster,Stormers,10,3,"Thomond Park, Limerick",2023-11-18,8.4,25.0,16.6,8.0,0,5.6,25.4,19.8,7.0,0,7.473017455463975,5.71241327024968,1.7606041852142944,2.8000000000000007,1.0,1,0,0,7,1
339,2023-24,Round 5,Leinster,Scarlets,54,5,"RDS Arena, Dublin",2023-11-18,6.8,28.6,21.8,6.0,0,-19.8,19.2,39.0,7.0,0,7.228518644029353,-4.549451890699571,11.777970534728924,26.6,-1.0,0,0,0,49,1
340,2023-24,Round 5,Glasgow,Benetton,26,12,"Scotstoun Stadium, Glasgow",2023-11-18,4.0,25.0,21.0,7.0,0,-1.4,18.6,20.0,7.0,0,4.668726471090778,-1.5071331686729712,6.1758596397637495,5.4,0.0,0,0,0,14,1
341,2023-24,Round 6,Cardiff,Stormers,31,24,"Cardiff Arms Park, Cardiff",2023-11-24,-1.2,19.4,20.6,7.0,0,5.2,23.2,18.0,6.0,0,-2.8651151505709143,5.788473688771109,-8.653588839342024,-6.4,1.0,1,0,0,7,1
342,2023-24,Round 6,Edinburgh,Benetton,22,24,"Edinburgh Rugby Stadium, Edinburgh",2023-11-24,1.6,24.4,22.8,7.0,0,-1.0,16.6,17.6,6.0,0,-0.2689081782572595,-1.6895472046965962,1.4206390264393367,2.6,1.0,0,0,0,-2,0
343,2023-24,Round 6,Lions,Zebre,61,19,"Ellis Park Stadium, Johannesburg",2023-11-25,-2.8,20.0,22.8,8.0,1,-6.0,26.0,32.0,8.0,1,-0.6318338723190027,-11.144029108064368,10.512195235745365,3.2,0.0,1,1,0,42,1
344,2023-24,Round 6,Bulls,Connacht,53,27,"Loftus Versfeld Stadium, Pretoria",2023-11-25,11.6,35.4,23.8,8.0,1,3.2,25.0,21.8,7.0,0,6.263682568969835,2.386423016208091,3.877259552761744,8.399999999999999,1.0,1,1,0,26,1
345,2023-24,Round 6,Sharks,Dragons,69,14,"Kings Park Stadium, Durban",2023-11-25,-10.2,12.2,22.4,7.0,0,-10.2,14.0,24.2,7.0,1,-3.0456614370471176,-8.015415354235055,4.969753917187937,0.0,0.0,1,0,0,55,1
346,2023-24,Round 6,Leinster,Munster,21,16,"Aviva Stadium, Dublin",2023-11-25,16.8,36.4,19.6,7.0,0,8.8,23.2,14.4,7.0,0,8.45072159055646,7.396957036942546,1.053764553613914,8.0,0.0,0,0,0,5,1
347,2023-24,Round 6,Glasgow,Ulster,33,20,"Scotstoun Stadium, Glasgow",2023-11-25,8.6,29.2,20.6,7.0,0,4.6,26.2,21.6,8.0,0,4.851140507114403,4.697807245270241,0.1533332618441623,4.0,-1.0,0,0,0,13,1
348,2023-24,Round 6,Ospreys,Scarlets,31,9,"Swansea.com Stadium, Swansea",2023-11-26,-2.8,21.4,24.2,8.0,0,-26.2,17.4,43.6,8.0,0,-6.403040511415695,-5.771654837226679,-0.6313856741890165,23.4,0.0,0,0,0,22,1
349,2023-24,Round 7,Munster,Glasgow,40,29,"Musgrave Park, Cork",2023-12-01,5.2,19.6,14.4,6.0,0,7.6,27.2,19.6,6.0,0,7.602333492303938,5.535807180929987,2.066526311373951,-2.3999999999999995,0.0,0,0,0,11,1
350,2023-24,Round 7,Lions,Dragons,49,24,"Ellis Park Stadium, Johannesburg",2023-12-02,6.0,25.6,19.6,7.0,0,-20.2,13.4,33.6,7.0,0,0.7169466041064607,-9.918439962516262,10.635386566622723,26.2,0.0,1,1,0,25,1
351,2023-24,Round 7,Bulls,Sharks,44,10,"Loftus Versfeld Stadium, Pretoria",2023-12-02,8.4,33.4,25.0,7.0,0,3.4,21.8,18.4,7.0,0,7.875956613693661,-1.1426368287659112,9.018593442459572,5.0,0.0,0,1,0,34,1
352,2023-24,Round 7,Cardiff,Scarlets,23,29,"Cardiff Arms Park, Cardiff",2023-12-02,0.4,21.2,20.8,8.0,0,-22.2,15.0,37.2,6.0,0,-1.899756266636712,-7.43479340464558,5.535037138008868,22.599999999999998,2.0,0,0,0,-6,0
353,2023-24,Round 7,Stormers,Zebre,31,7,"Danie Craven Stadium, Stellenbosch",2023-12-02,3.4,21.0,17.6,8.0,1,-13.6,22.6,36.2,7.0,0,4.823114804836907,-12.492809584489832,17.31592438932674,17.0,1.0,1,0,0,24,1
354,2023-24,Round 7,Connacht,Leinster,22,24,"The Sportsground, Galway",2023-12-02,-3.6,23.6,27.2,7.0,1,21.4,35.6,14.2,7.0,0,0.7741489714842653,8.24534513519507,-7.471196163710804,-25.0,0.0,0,0,0,-2,0
355,2023-24,Round 7,Benetton,Ospreys,18,13,"Stadio Comunale di Monigo, Treviso",2023-12-02,-0.8,16.8,17.6,8.0,0,3.2,22.4,19.2,6.0,0,-0.7474833020526624,-4.739901943996793,3.992418641944131,-4.0,2.0,0,0,0,5,1
356,2023-24,Round 7,Ulster,Edinburgh,24,27,"Ravenhill Stadium, Belfast",2023-12-02,1.2,22.2,21.0,7.0,0,0.2,24.4,24.2,8.0,0,4.013140571454657,-1.2109720809011932,5.22411265235585,1.0,-1.0,0,0,0,-3,0
357,2023-24,Round 8,Glasgow,Edinburgh,22,10,"Scotstoun Stadium, Glasgow",2023-12-22,7.0,27.8,20.8,21.0,0,0.6,26.4,25.8,20.0,0,5.2424598120673815,0.2114391843343916,5.03102062773299,6.4,1.0,0,0,0,12,1
358,2023-24,Round 8,Ulster,Connacht,20,19,"Ravenhill Stadium, Belfast",2023-12-22,-0.8,21.8,22.6,20.0,0,-5.6,21.2,26.8,20.0,0,2.590729306219072,0.7212685878553458,1.8694607183637262,4.8,0.0,0,0,0,1,1
359,2023-24,Round 8,Zebre,Benetton,24,31,"Stadio Sergio Lanfranchi, Parma",2023-12-23,-17.8,17.8,35.6,21.0,1,0.2,17.8,17.6,21.0,0,-12.561217145557158,-1.2467251662470755,-11.314491979310082,-18.0,0.0,0,0,0,-7,0
360,2023-24,Round 8,Stormers,Bulls,26,20,"Cape Town Stadium, Cape Town",2023-12-23,-0.8,16.8,17.6,21.0,0,16.6,38.4,21.8,21.0,0,4.891522365904233,9.374097269447704,-4.482574903543471,-17.400000000000002,0.0,0,0,0,6,1
361,2023-24,Round 8,Cardiff,Dragons,55,21,"Cardiff Arms Park, Cardiff",2023-12-26,-2.2,22.6,24.8,24.0,0,-23.8,16.4,40.2,24.0,1,-3.653259980437599,-10.75490130585399,7.101641325416391,21.6,0.0,0,0,0,34,1
362,2023-24,Round 8,Scarlets,Ospreys,11,25,"Parc y Scarlets, Llanelli",2023-12-26,-12.0,19.4,31.4,24.0,0,1.6,18.2,16.6,24.0,0,-5.681289690844693,-4.24066007980238,-1.4406296110423131,-13.6,0.0,0,0,0,-14,0
363,2023-24,Round 8,Munster,Leinster,3,9,"Thomond Park, Limerick",2023-12-26,7.4,25.0,17.6,25.0,0,17.6,33.6,16.0,24.0,0,7.895680861166543,8.298225518823989,-0.4025446576574456,-10.200000000000001,1.0,0,0,0,-6,0
364,2023-24,Round 9,Benetton,Zebre,36,14,"Stadio Comunale di Monigo, Treviso",2023-12-30,0.6,21.0,20.4,7.0,0,-14.2,16.8,31.0,7.0,0,-1.078174364178084,-12.72976794762615,11.651593583448067,14.799999999999999,0.0,0,0,0,22,1
365,2023-24,Round 9,Edinburgh,Glasgow,19,14,"Murrayfield Stadium, Edinburgh",2023-12-30,0.0,23.0,23.0,8.0,0,7.2,28.2,21.0,8.0,0,0.1145412471076905,5.3393577492940825,-5.224816502186392,-7.2,0.0,0,0,0,5,1
366,2023-24,Round 9,Stormers,Sharks,16,15,"Cape Town Stadium, Cape Town",2023-12-30,2.6,20.2,17.6,7.0,0,0.8,21.2,20.4,28.0,0,5.3397798562585805,-2.6407774845199543,7.980557340778535,1.8,-21.0,0,0,0,1,1
367,2023-24,Round 9,Connacht,Munster,22,9,"The Sportsground, Galway",2024-01-01,-6.2,20.6,26.8,10.0,0,0.0,16.6,16.6,6.0,0,1.4082146596917182,6.735935326932287,-5.327720667240569,-6.2,4.0,0,0,0,13,1
368,2023-24,Round 9,Ospreys,Cardiff,27,21,"Brewery Field, Bridgend",2024-01-01,1.6,19.4,17.8,6.0,0,5.8,28.6,22.8,6.0,0,-2.3847230409066107,-1.963424112979238,-0.42129892792737267,-4.199999999999999,0.0,0,0,0,6,1
369,2023-24,Round 9,Dragons,Scarlets,13,12,"Rodney Parade, Newport",2024-01-01,-24.4,17.8,42.2,6.0,0,-16.0,15.4,31.4,6.0,0,-12.444737173312353,-7.537226729740462,-4.907510443571891,-8.399999999999999,0.0,0,0,0,1,1
370,2023-24,Round 9,Leinster,Ulster,21,22,"RDS Arena, Dublin",2024-01-01,17.0,28.2,11.2,6.0,0,-0.2,21.8,22.0,10.0,0,9.457971053058245,1.9037832343826997,7.554187818675545,17.2,-4.0,0,0,0,-1,0
371,2023-24,Round 8,Sharks,Lions,18,20,"Kings Park Stadium, Durban",2024-01-06,3.4,23.2,19.8,7.0,0,11.2,32.2,21.0,30.0,0,-1.3427217504421007,1.5534079474441886,-2.8961296978862894,-7.799999999999999,-23.0,0,0,0,-2,0
372,2023-24,Round 9,Bulls,Lions,30,28,"Loftus Versfeld Stadium, Pretoria",2024-01-27,10.4,31.6,21.2,30.0,0,12.6,34.2,21.6,21.0,0,8.925839779093357,2.06379497765556,6.862044801437797,-2.1999999999999993,9.0,0,0,0,2,1
373,2023-24,Round 10,Scarlets,Munster,7,42,"Parc y Scarlets, Llanelli",2024-02-16,-16.0,13.2,29.2,30.0,0,-1.2,15.6,16.8,30.0,0,-7.527977774097651,5.50316326020823,-13.03114103430588,-14.8,0.0,0,0,0,-35,0
374,2023-24,Round 10,Zebre,Edinburgh,19,24,"Stadio Sergio Lanfranchi, Parma",2024-02-16,-19.0,17.2,36.2,30.0,0,0.4,21.8,21.4,30.0,0,-13.164608589281343,0.5370228973263298,-13.701631486607672,-19.4,0.0,0,0,0,-5,0
375,2023-24,Round 10,Lions,Bulls,10,25,"Ellis Park Stadium, Johannesburg",2024-02-17,12.0,35.0,23.0,21.0,0,9.6,34.0,24.4,21.0,0,3.1499994577993395,7.8396352989495774,-4.689635841150238,2.4000000000000004,0.0,0,0,0,-15,0
376,2023-24,Round 10,Sharks,Stormers,21,25,"Kings Park Stadium, Durban",2024-02-17,3.4,24.8,21.4,30.0,0,3.4,20.0,16.6,30.0,0,-1.853108780653472,4.041724122180727,-5.8948329028341995,0.0,0.0,0,0,0,-4,0
377,2023-24,Round 10,Cardiff,Connacht,12,16,"Cardiff Arms Park, Cardiff",2024-02-17,5.8,30.4,24.6,30.0,0,-3.0,20.6,23.6,30.0,0,-2.0055540057719754,2.640986726415776,-4.646540732187751,8.8,0.0,0,0,0,-4,0
378,2023-24,Round 10,Leinster,Benetton,47,18,"RDS Arena, Dublin",2024-02-17,12.2,25.8,13.6,30.0,0,4.4,24.2,19.8,30.0,0,8.002552271190691,-0.6433337225228908,8.645885993713582,7.799999999999999,0.0,0,0,0,29,1
379,2023-24,Round 10,Glasgow,Dragons,40,7,"Scotstoun Stadium, Glasgow",2024-02-17,4.6,24.8,20.2,30.0,0,-19.6,18.4,38.0,30.0,0,4.916876099075443,-12.453986128955162,17.370862228030603,24.200000000000003,0.0,0,0,0,33,1
380,2023-24,Round 10,Ospreys,Ulster,19,17,"Swansea.com Stadium, Swansea",2024-02-18,4.4,20.2,15.8,30.0,0,-1.4,22.0,23.4,30.0,0,-2.342593148113873,3.359202016250254,-5.7017951643641265,5.800000000000001,0.0,0,0,0,2,1
381,2023-24,Round 11,Edinburgh,Ospreys,19,15,"Edinburgh Rugby Stadium, Edinburgh",2024-03-01,-0.2,20.4,20.6,14.0,0,7.8,23.0,15.2,12.0,0,0.2668597486655624,-2.1724136316774607,2.439273380343023,-8.0,2.0,0,0,0,4,1
382,2023-24,Round 11,Munster,Zebre,45,29,"Musgrave Park, Cork",2024-03-01,4.4,22.0,17.6,14.0,0,-20.0,16.6,36.6,14.0,0,7.800049156777641,-12.894445440620576,20.69449459739822,24.4,0.0,0,0,0,16,1
383,2023-24,Round 11,Lions,Sharks,40,10,"Ellis Park Stadium, Johannesburg",2024-03-02,10.4,33.6,23.2,14.0,0,2.8,26.6,23.8,14.0,0,1.5189630419143634,-2.263625490370052,3.7825885322844153,7.6000000000000005,0.0,0,1,0,30,1
384,2023-24,Round 11,Benetton,Glasgow,9,19,"Stadio Comunale di Monigo, Treviso",2024-03-02,1.4,25.4,24.0,14.0,0,8.4,27.6,19.2,14.0,0,-2.0787451231515326,5.579789876272383,-7.658534999423916,-7.0,0.0,0,0,0,-10,0
385,2023-24,Round 11,Bulls,Stormers,40,22,"Loftus Versfeld Stadium, Pretoria",2024-03-02,14.2,34.4,20.2,14.0,0,5.6,24.4,18.8,14.0,0,9.470671714834554,4.452240831897307,5.018430882937246,8.6,0.0,0,1,0,18,1
386,2023-24,Round 11,Connacht,Scarlets,26,10,"The Sportsground, Galway",2024-03-02,-2.4,21.2,23.6,14.0,0,-13.2,13.6,26.8,15.0,0,3.1763326531970004,-9.824863670667062,13.001196323864063,10.799999999999999,-1.0,0,0,0,16,1
387,2023-24,Round 11,Cardiff,Leinster,20,33,"Cardiff Arms Park, Cardiff",2024-03-02,5.0,28.4,23.4,14.0,0,8.2,24.4,16.2,14.0,0,-2.5408999325532005,9.437963671819332,-11.978863604372533,-3.1999999999999993,0.0,0,0,0,-13,0
388,2023-24,Round 11,Ulster,Dragons,49,26,"Ravenhill Stadium, Belfast",2024-03-02,-3.2,20.6,23.8,13.0,0,-29.2,15.8,45.0,14.0,0,3.189022499813841,-13.1168999061521,16.30592240596594,26.0,-1.0,0,0,0,23,1
389,2023-24,Round 12,Glasgow,Cardiff,17,13,"Scotstoun Stadium, Glasgow",2024-03-22,7.8,24.8,17.0,20.0,0,1.0,26.2,25.2,20.0,0,6.413936376329991,-3.243013572115947,9.656949948445938,6.8,0.0,0,0,0,4,1
390,2023-24,Round 12,Ospreys,Munster,17,27,"Swansea.com Stadium, Swansea",2024-03-22,2.6,19.8,17.2,21.0,0,8.6,27.8,19.2,21.0,0,-1.7284862936431584,6.730599697037819,-8.459085990680977,-6.0,0.0,0,0,0,-10,0
391,2023-24,Round 12,Sharks,Ulster,22,12,"Kings Park Stadium, Durban",2024-03-23,-14.2,14.8,29.0,21.0,0,4.0,26.4,22.4,21.0,1,-4.28536663714161,3.2584302592172465,-7.543796896358857,-18.2,0.0,1,0,0,10,1
392,2023-24,Round 12,Scarlets,Benetton,16,13,"Parc y Scarlets, Llanelli",2024-03-23,-12.0,13.8,25.8,21.0,0,-1.0,22.4,23.4,21.0,0,-9.524744038280655,-2.9128916232091413,-6.611852415071514,-11.0,0.0,0,0,0,3,1
393,2023-24,Round 12,Stormers,Edinburgh,43,21,"Cape Town Stadium, Cape Town",2024-03-23,3.4,24.0,20.6,21.0,0,1.0,19.8,18.8,22.0,1,3.754083920191032,-0.1770675893687398,3.9311515095597716,2.4,-1.0,1,0,0,22,1
394,2023-24,Round 12,Connacht,Lions,14,38,"The Sportsground, Galway",2024-03-23,6.0,21.0,15.0,21.0,0,8.0,29.4,21.4,21.0,1,2.876213020810594,3.540704188685922,-0.6644911678753278,-2.0,0.0,1,0,0,-24,0
395,2023-24,Round 12,Zebre,Leinster,7,31,"Stadio Sergio Lanfranchi, Parma",2024-03-23,-14.8,18.6,33.4,22.0,0,9.8,26.8,17.0,21.0,0,-11.824995980880754,10.14007731138208,-21.965073292262836,-24.6,1.0,0,0,0,-24,0
396,2023-24,Round 12,Dragons,Bulls,10,31,"Rodney Parade, Newport",2024-03-23,-22.8,18.2,41.0,21.0,0,12.6,31.8,19.2,21.0,1,-13.186307665555509,10.16882862654083,-23.35513629209634,-35.4,0.0,1,0,0,-21,0
397,2023-24,Round 13,Dragons,Zebre,20,13,"Rodney Parade, Newport",2024-03-29,-22.0,15.4,37.4,6.0,0,-14.8,18.6,33.4,6.0,0,-13.550794036345874,-12.62848865165447,-0.9223053846914038,-7.199999999999999,0.0,0,0,0,7,1
398,2023-24,Round 13,Leinster,Bulls,47,14,"RDS Arena, Dublin",2024-03-29,14.2,28.2,14.0,6.0,0,10.0,29.2,19.2,6.0,0,10.943569982155797,10.533314997331196,0.41025498482460065,4.199999999999999,0.0,1,0,0,33,1
399,2023-24,Round 13,Stormers,Ulster,13,7,"Cape Town Stadium, Cape Town",2024-03-30,3.0,26.4,23.4,7.0,0,2.6,24.0,21.4,7.0,0,4.960968769235055,2.1040505695813607,2.856918199653694,0.3999999999999999,0.0,1,0,0,6,1
400,2023-24,Round 13,Sharks,Edinburgh,23,13,"Kings Park Stadium, Durban",2024-03-30,-5.4,17.2,22.6,7.0,0,-4.0,18.6,22.6,7.0,0,-3.1309869475057246,-1.3839524384127628,-1.7470345090929618,-1.4000000000000004,0.0,1,0,0,10,1
401,2023-24,Round 13,Ospreys,Lions,36,21,"Swansea.com Stadium, Swansea",2024-03-30,1.6,20.6,19.0,8.0,0,7.8,27.2,19.4,7.0,0,-2.4825776945750606,6.474255071898389,-8.95683276647345,-6.199999999999999,1.0,1,0,0,15,1
402,2023-24,Round 13,Scarlets,Glasgow,3,45,"Parc y Scarlets, Llanelli",2024-03-30,-12.6,11.2,23.8,7.0,0,10.8,22.4,11.6,8.0,0,-9.163558796773504,5.248241381485397,-14.4118001782589,-23.4,-1.0,0,0,0,-42,0
403,2023-24,Round 13,Munster,Cardiff,20,15,"Thomond Park, Limerick",2024-03-30,8.4,25.2,16.8,8.0,0,1.4,24.2,22.8,8.0,0,7.484691097969722,-2.0773185772713534,9.562009675241075,7.0,0.0,0,0,0,5,1
404,2023-24,Round 13,Benetton,Connacht,18,14,"Stadio Comunale di Monigo, Treviso",2024-03-30,-2.6,21.4,24.0,7.0,0,1.6,19.4,17.8,7.0,0,-3.274076864716293,-0.0573378624018734,-3.2167390023144193,-4.2,0.0,0,0,0,4,1
405,2023-24,Round 14,Ulster,Cardiff,19,17,"Ravenhill Stadium, Belfast",2024-04-19,1.2,21.4,20.2,20.0,1,-6.4,16.2,22.6,20.0,0,2.38974238954673,-1.021117609747246,3.410859999293976,7.6000000000000005,0.0,0,0,0,2,1
406,2023-24,Round 14,Glasgow,Sharks,21,10,"Scotstoun Stadium, Glasgow",2024-04-19,16.8,27.0,10.2,20.0,0,-3.2,18.8,22.0,20.0,1,7.407061363659507,-2.5562834965964285,9.963344860255935,20.0,0.0,1,0,0,11,1
407,2023-24,Round 14,Bulls,Munster,22,27,"Loftus Versfeld Stadium, Pretoria",2024-04-20,4.6,28.0,23.4,22.0,1,10.6,28.6,18.0,21.0,1,8.174340495813656,6.428490130445614,1.7458503653680415,-6.0,1.0,1,1,0,-5,0
408,2023-24,Round 14,Benetton,Dragons,36,19,"Stadio Comunale di Monigo, Treviso",2024-04-20,-3.2,18.8,22.0,21.0,0,-13.8,15.2,29.0,22.0,0,-3.152402964484851,-13.358563497876734,10.206160533391882,10.600000000000001,-1.0,0,0,0,17,1
409,2023-24,Round 14,Lions,Leinster,44,12,"Ellis Park Stadium, Johannesburg",2024-04-20,4.4,27.4,23.0,21.0,1,19.6,35.8,16.2,22.0,1,4.678571795251044,13.302544483673335,-8.623972688422292,-15.200000000000001,-1.0,1,1,0,32,1
410,2023-24,Round 14,Stormers,Ospreys,21,27,"Cape Town Stadium, Cape Town",2024-04-20,3.0,23.8,20.8,21.0,0,1.8,22.8,21.0,21.0,1,4.675276949269685,-0.6868944179277154,5.3621713671974005,1.2,0.0,1,0,0,-6,0
411,2023-24,Round 14,Edinburgh,Scarlets,43,18,"Edinburgh Rugby Stadium, Edinburgh",2024-04-20,-3.6,19.2,22.8,21.0,1,-18.2,9.6,27.8,21.0,0,-1.958655889322059,-11.322378778947614,9.363722889625556,14.6,0.0,0,0,0,25,1
412,2023-24,Round 14,Connacht,Zebre,54,16,"The Sportsground, Galway",2024-04-20,1.0,18.4,17.4,21.0,0,-14.8,16.4,31.2,22.0,0,-0.1790117626333153,-12.82071919012361,12.641707427490294,15.8,-1.0,0,0,0,38,1
413,2023-24,Round 15,Scarlets,Sharks,27,32,"Parc y Scarlets, Llanelli",2024-04-26,-23.0,10.8,33.8,6.0,0,-5.0,17.2,22.2,7.0,0,-12.28600648998506,-2.059949010570835,-10.226057479414225,-18.0,-1.0,1,0,0,-5,0
414,2023-24,Round 15,Ulster,Benetton,38,34,"Ravenhill Stadium, Belfast",2024-04-26,1.4,20.8,19.4,7.0,0,-4.2,18.8,23.0,6.0,0,1.6486563896173323,-3.0730190178240395,4.721675407441372,5.6,1.0,0,0,0,4,1
415,2023-24,Round 15,Lions,Munster,13,33,"Ellis Park Stadium, Johannesburg",2024-04-27,11.2,30.6,19.4,7.0,0,14.2,32.2,18.0,7.0,0,7.940969064093273,7.703075166982419,0.23789389711085374,-3.0,0.0,1,1,0,-20,0
416,2023-24,Round 15,Stormers,Leinster,42,12,"Cape Town Stadium, Cape Town",2024-04-27,1.6,24.8,23.2,7.0,0,13.4,34.0,20.6,7.0,0,2.939059812549945,10.040147214831103,-7.101087402281158,-11.8,0.0,1,0,0,30,1
417,2023-24,Round 15,Zebre,Glasgow,9,40,"Stadio Sergio Lanfranchi, Parma",2024-04-27,-18.0,16.8,34.8,7.0,0,20.0,28.4,8.4,8.0,0,-13.95654844737458,6.9107268776339135,-20.867275325008492,-38.0,-1.0,0,0,0,-31,0
418,2023-24,Round 15,Bulls,Ospreys,61,24,"Loftus Versfeld Stadium, Pretoria",2024-04-27,3.2,26.4,23.2,7.0,0,1.8,22.8,21.0,7.0,0,6.899755459276852,1.0493227187920249,5.850432740484827,1.4000000000000001,0.0,1,1,0,37,1
419,2023-24,Round 15,Cardiff,Edinburgh,7,24,"Cardiff Arms Park, Cardiff",2024-04-27,-5.6,15.4,21.0,8.0,0,0.4,24.0,23.6,7.0,0,-0.2800316098178482,-0.9950281782846144,0.7149965684667663,-6.0,1.0,0,0,0,-17,0
420,2023-24,Round 15,Dragons,Connacht,27,34,"Rodney Parade, Newport",2024-04-27,-17.4,16.4,33.8,7.0,0,6.0,24.8,18.8,7.0,0,-13.437947444537546,0.9568174946176552,-14.3947649391552,-23.4,0.0,0,0,0,-7,0
421,2023-24,Round 16,Dragons,Stormers,21,44,"Rodney Parade, Newport",2024-05-10,-12.2,20.4,32.6,13.0,0,6.8,28.2,21.4,13.0,1,-13.298470950622026,6.049168552778061,-19.34763950340009,-19.0,0.0,1,0,0,-23,0
422,2023-24,Round 16,Edinburgh,Zebre,40,14,"Edinburgh Rugby Stadium, Edinburgh",2024-05-10,2.8,24.0,21.2,13.0,0,-23.2,14.8,38.0,13.0,0,1.376471478562062,-15.469820914873733,16.846292393435796,26.0,0.0,0,0,0,26,1
423,2023-24,Round 16,Scarlets,Ulster,20,31,"Parc y Scarlets, Llanelli",2024-05-11,-17.0,14.8,31.8,15.0,0,2.6,25.0,22.4,15.0,0,-12.363400742043638,0.9764888488731952,-13.339889590916833,-19.6,0.0,0,0,0,-11,0
424,2023-24,Round 16,Bulls,Glasgow,40,34,"Loftus Versfeld Stadium, Pretoria",2024-05-11,7.6,33.6,26.0,14.0,0,19.6,28.4,8.8,14.0,1,8.71471218522837,8.423999345133064,0.2907128400953063,-12.000000000000002,0.0,1,1,0,6,1
425,2023-24,Round 16,Sharks,Benetton,24,25,"Kings Park Stadium, Durban",2024-05-11,-3.2,19.4,22.6,15.0,1,0.8,22.0,21.2,15.0,1,-1.9825547585122572,-2.400851477079902,0.41829671856764494,-4.0,0.0,1,0,0,-1,0
426,2023-24,Round 16,Leinster,Ospreys,61,14,"RDS Arena, Dublin",2024-05-11,1.6,27.0,25.4,14.0,1,-6.0,23.8,29.8,14.0,1,6.9300384746029895,-0.7656340071594925,7.695672481762482,7.6,0.0,0,0,0,47,1
427,2023-24,Round 16,Munster,Connacht,47,12,"Thomond Park, Limerick",2024-05-11,11.2,30.4,19.2,14.0,1,6.6,28.4,21.8,14.0,0,10.326864556693504,0.8173410007021351,9.509523555991368,4.6,0.0,0,0,0,35,1
428,2023-24,Round 16,Lions,Cardiff,34,13,"Ellis Park Stadium, Johannesburg",2024-05-11,10.2,31.2,21.0,14.0,0,-8.2,14.4,22.6,14.0,1,5.317179674382187,-2.651531266664525,7.968710941046712,18.4,0.0,1,1,0,21,1
429,2023-24,Round 17,Zebre,Scarlets,18,32,"Stadio Sergio Lanfranchi, Parma",2024-05-17,-25.2,11.8,37.0,7.0,0,-16.0,16.8,32.8,6.0,0,-15.785191675530152,-12.729411782951956,-3.0557798925781956,-9.2,1.0,0,0,0,-14,0
430,2023-24,Round 17,Edinburgh,Munster,26,29,"Edinburgh Rugby Stadium, Edinburgh",2024-05-17,7.2,28.2,21.0,7.0,0,15.0,30.8,15.8,6.0,0,1.6918422392184826,11.775912201094368,-10.084069961875885,-7.8,1.0,0,0,0,-3,0
431,2023-24,Round 17,Bulls,Benetton,56,35,"Loftus Versfeld Stadium, Pretoria",2024-05-18,5.2,33.6,28.4,7.0,0,3.0,25.2,22.2,7.0,0,8.68564090121884,-1.6590218052231376,10.344662706441976,2.2,0.0,1,1,0,21,1
432,2023-24,Round 17,Ospreys,Dragons,26,13,"Swansea.com Stadium, Swansea",2024-05-18,-14.6,23.6,38.2,7.0,0,-12.2,19.4,31.6,8.0,0,-2.3960667589832445,-14.263707000282016,11.867640241298773,-2.4000000000000004,-1.0,0,0,0,13,1
433,2023-24,Round 17,Lions,Glasgow,44,21,"Ellis Park Stadium, Johannesburg",2024-05-18,8.4,30.0,21.6,7.0,0,16.4,31.4,15.0,7.0,0,6.020308580277516,8.453070629142594,-2.4327620488650785,-7.999999999999998,0.0,1,1,0,23,1
434,2023-24,Round 17,Connacht,Stormers,12,16,"The Sportsground, Galway",2024-05-18,-3.6,25.6,29.2,7.0,0,15.0,32.6,17.6,8.0,0,-0.6317066436987282,7.014404602438053,-7.6461112461367815,-18.6,-1.0,1,0,0,-4,0
435,2023-24,Round 17,Sharks,Cardiff,14,36,"Kings Park Stadium, Durban",2024-05-18,2.6,22.2,19.6,7.0,0,-9.8,13.0,22.8,7.0,0,-2.724384430369022,-3.354660172559854,0.630275742190832,12.4,0.0,1,0,0,-22,0
436,2023-24,Round 17,Ulster,Leinster,23,21,"Ravenhill Stadium, Belfast",2024-05-18,0.2,21.4,21.2,7.0,0,8.4,32.6,24.2,7.0,0,1.342499889781512,8.560471226426742,-7.21797133664523,-8.200000000000001,0.0,0,0,0,2,1
437,2023-24,Round 18,Glasgow,Zebre,38,26,"Scotstoun Stadium, Glasgow",2024-05-31,11.0,32.2,21.2,13.0,1,-23.2,14.0,37.2,14.0,0,6.509794424256087,-17.479613686272334,23.98940811052842,34.2,-1.0,0,0,0,12,1
438,2023-24,Round 18,Leinster,Connacht,33,7,"RDS Arena, Dublin",2024-05-31,3.2,30.6,27.4,13.0,0,0.4,25.2,24.8,13.0,0,8.238674092762219,-0.86709551908505,9.105769611847268,2.8000000000000003,0.0,0,0,0,26,1
439,2023-24,Round 18,Benetton,Edinburgh,31,6,"Stadio Comunale di Monigo, Treviso",2024-06-01,-0.6,29.6,30.2,14.0,1,11.0,29.2,18.2,15.0,0,-2.12455553457894,1.800249235406071,-3.9248047699850113,-11.6,-1.0,0,0,0,25,1
440,2023-24,Round 18,Stormers,Lions,29,24,"Cape Town Stadium, Cape Town",2024-06-01,11.4,27.2,15.8,14.0,1,8.2,31.2,23.0,14.0,0,7.249793477824375,7.963584785164024,-0.7137913073396485,3.200000000000001,0.0,0,0,0,5,1
441,2023-24,Round 18,Scarlets,Dragons,32,15,Cardiff City Stadium,2024-06-01,-13.8,20.0,33.8,15.0,0,-10.6,20.0,30.6,14.0,0,-11.034989772209777,-13.77694297615214,2.741953203942364,-3.200000000000001,1.0,0,0,0,17,1
442,2023-24,Round 18,Sharks,Bulls,14,26,"Kings Park Stadium, Durban",2024-06-01,-3.8,20.6,24.4,14.0,0,5.2,38.6,33.4,14.0,0,-5.5874120045881055,9.151174630574642,-14.738586635162747,-9.0,0.0,0,0,0,-12,0
443,2023-24,Round 18,Cardiff,Ospreys,29,33,Cardiff City Stadium,2024-06-01,-4.6,17.6,22.2,14.0,1,-10.0,25.4,35.4,14.0,0,-0.4916325983407703,-2.8828307831131217,2.3911981847723514,5.4,0.0,0,0,0,-4,0
444,2023-24,Round 18,Munster,Ulster,29,24,"Thomond Park, Limerick",2024-06-01,13.6,31.2,17.6,15.0,0,2.6,23.6,21.0,14.0,0,11.66750520490678,1.664297023446035,10.003208181460744,11.0,1.0,0,0,0,5,1
445,2023-24,Quarter-finals,Munster,Ospreys,23,7,"Thomond Park, Limerick",2024-06-07,13.6,33.0,19.4,6.0,0,-12.2,24.8,37.0,6.0,0,10.567184386760704,-1.6437109646358865,12.21089535139659,25.799999999999997,0.0,0,0,1,16,1
446,2023-24,Quarter-finals,Leinster,Ulster,43,20,"Aviva Stadium, Dublin",2024-06-08,1.8,27.8,26.0,8.0,0,2.8,27.0,24.2,7.0,0,9.328097131577492,2.7646178415921097,6.563479289985382,-0.9999999999999998,1.0,0,0,1,23,1
447,2023-24,Quarter-finals,Glasgow,Stormers,27,10,"Scotstoun Stadium, Glasgow",2024-06-08,5.0,30.8,25.8,8.0,0,11.2,30.4,19.2,7.0,1,4.710853613203245,7.22117260855834,-2.510318995355095,-6.199999999999999,1.0,1,0,1,17,1
448,2023-24,Semi-finals,Bulls,Leinster,25,20,"Loftus Versfeld Stadium, Pretoria",2024-06-15,14.2,41.0,26.8,14.0,0,12.8,34.0,21.2,7.0,1,9.477315967058368,10.371749202578954,-0.8944332355205855,1.3999999999999986,7.0,1,1,1,5,1
449,2023-24,Semi-finals,Munster,Glasgow,10,17,"Thomond Park, Limerick",2024-06-15,15.8,32.2,16.4,8.0,0,6.2,32.0,25.8,7.0,0,10.346094851621045,6.061885512738755,4.28420933888229,9.600000000000001,1.0,0,0,1,-7,0
450,2023-24,Final,Bulls,Glasgow,16,21,"Loftus Versfeld Stadium, Pretoria",2024-06-22,16.2,41.6,25.4,7.0,0,1.4,27.4,26.0,7.0,1,9.466759290610426,7.790306446626984,1.6764528439834425,14.799999999999999,0.0,1,1,1,-5,0
451,2024-25,Round 1,Cardiff,Zebre,22,17,"Cardiff Arms Park, Cardiff",2024-09-20,-4.4,20.4,24.8,30.0,0,-24.2,16.6,40.8,30.0,0,-1.2115266917726035,-10.976471012653644,9.76494432088104,19.799999999999997,0.0,0,0,0,5,1
452,2024-25,Round 1,Edinburgh,Leinster,31,33,"Hive Stadium, Edinburgh",2024-09-20,8.0,27.8,19.8,30.0,0,17.8,35.6,17.8,30.0,1,-0.3445618691147012,7.267614115318826,-7.612175984433527,-9.8,0.0,0,0,0,-2,0
453,2024-25,Round 1,Dragons,Ospreys,23,21,"Rodney Parade, Newport",2024-09-21,-15.4,19.0,34.4,30.0,0,-16.6,20.8,37.4,30.0,0,-10.22192335903053,-0.9958350006473592,-9.226088358383171,1.200000000000001,0.0,0,0,0,2,1
454,2024-25,Round 1,Munster,Connacht,35,33,"Thomond Park, Limerick",2024-09-21,10.4,27.6,17.2,30.0,0,-4.0,23.8,27.8,30.0,0,6.032371742412971,-1.3695629905302262,7.401934732943197,14.4,0.0,0,0,0,2,1
455,2024-25,Round 1,Benetton,Scarlets,20,20,"Stadio Monigo, Treviso",2024-09-21,3.6,32.2,28.6,30.0,0,-2.0,25.8,27.8,30.0,0,0.1175474596936928,-7.146429564822808,7.2639770245165005,5.6,0.0,0,0,0,0,0
456,2024-25,Round 1,Ulster,Glasgow,20,19,"Ravenhill Stadium, Belfast",2024-09-21,-2.2,27.2,29.4,30.0,0,3.6,24.8,21.2,30.0,1,1.2046760394134537,6.3405662117177295,-5.135890172304276,-5.800000000000001,0.0,0,0,0,1,1
457,2024-25,Round 2,Leinster,Dragons,34,6,"Aviva Stadium, Dublin",2024-09-27,8.8,30.0,21.2,7.0,0,-11.6,19.8,31.4,6.0,0,7.306396516875473,-9.699314523192212,17.005711040067688,20.4,1.0,0,0,0,28,1
458,2024-25,Round 2,Glasgow,Benetton,42,10,"Scotstoun Stadium, Glasgow",2024-09-27,8.0,24.4,16.4,6.0,0,0.2,29.0,28.8,6.0,0,6.326977194487302,-1.208850242757957,7.535827437245259,7.8,0.0,0,0,0,32,1
459,2024-25,Round 2,Scarlets,Cardiff,15,24,"Parc y Scarlets, Llanelli",2024-09-28,3.0,26.2,23.2,7.0,0,-3.0,21.4,24.4,8.0,0,-5.820031862371158,-2.288021123860708,-3.5320107385104498,6.0,-1.0,0,0,0,-9,0
460,2024-25,Round 2,Zebre,Munster,42,33,"Stadio Sergio Lanfranchi, Parma",2024-09-28,-17.6,16.8,34.4,8.0,0,3.8,25.2,21.4,7.0,0,-9.89997658056554,4.89217826911865,-14.79215484968419,-21.400000000000002,1.0,0,0,0,9,1
461,2024-25,Round 2,Bulls,Edinburgh,22,16,"Loftus Versfeld Stadium, Pretoria",2024-09-28,7.8,32.6,24.8,30.0,0,2.6,25.4,22.8,8.0,1,5.739379804348457,-0.3833442706713486,6.122724075019805,5.199999999999999,22.0,1,1,0,6,1
462,2024-25,Round 2,Ospreys,Stormers,37,24,Brewery Field. Bridgend,2024-09-28,-9.6,20.2,29.8,7.0,0,9.0,28.2,19.2,30.0,0,-1.5184438364856765,4.109098496315981,-5.627542332801657,-18.6,-23.0,1,0,0,13,1
463,2024-25,Round 2,Connacht,Sharks,36,30,"The Sportsground, Galway",2024-09-28,-12.0,19.6,31.6,7.0,0,-8.2,18.8,27.0,30.0,1,-0.2293695172359064,-4.139487338750281,3.910117821514375,-3.8000000000000007,-23.0,1,0,0,6,1
464,2024-25,Round 2,Lions,Ulster,35,22,"Ellis Park Stadium, Johannesburg",2024-09-28,10.2,31.8,21.6,30.0,0,-2.8,23.6,26.4,7.0,1,5.594543958101041,1.218265056643881,4.37627890145716,13.0,23.0,1,1,0,13,1
465,2024-25,Round 3,Scarlets,Connacht,23,24,"Parc y Scarlets, Llanelli",2024-10-04,2.2,23.8,21.6,6.0,0,-12.2,20.0,32.2,6.0,0,-6.966830788520113,-0.6203812993873439,-6.34644948913277,14.399999999999999,0.0,0,0,0,-1,0
466,2024-25,Round 3,Cardiff,Glasgow,36,52,"Cardiff Arms Park, Cardiff",2024-10-04,2.2,24.8,22.6,6.0,0,12.0,25.2,13.2,7.0,0,-1.141222197711753,7.973394450762776,-9.114616648474529,-9.8,-1.0,0,0,0,-16,0
467,2024-25,Round 3,Lions,Edinburgh,55,21,"Ellis Park Stadium, Johannesburg",2024-10-05,6.4,30.0,23.6,7.0,0,-2.0,23.8,25.8,7.0,0,5.856916067955325,0.2289281368306318,5.627987931124693,8.4,0.0,1,1,0,34,1
468,2024-25,Round 3,Bulls,Ulster,47,21,"Loftus Versfeld Stadium, Pretoria",2024-10-05,7.8,29.0,21.2,7.0,0,-7.6,21.8,29.4,7.0,0,5.127107396846476,0.9558929467895972,4.171214450056879,15.399999999999999,0.0,1,1,0,26,1
469,2024-25,Round 3,Benetton,Leinster,5,35,"Stadio Monigo, Treviso",2024-10-05,-5.4,24.2,29.6,8.0,0,14.8,32.6,17.8,8.0,0,-2.855267499033431,7.805825412868705,-10.661092911902136,-20.200000000000003,0.0,0,0,0,-30,0
470,2024-25,Round 3,Munster,Ospreys,23,0,"Musgrave Park, Cork",2024-10-05,1.4,26.0,24.6,7.0,0,2.4,24.8,22.4,7.0,0,3.1129627841502314,-0.2556896032055105,3.368652387355742,-1.0,0.0,0,0,0,23,1
471,2024-25,Round 3,Zebre,Stormers,5,36,"Stadio Sergio Lanfranchi, Parma",2024-10-05,-9.6,23.4,33.0,7.0,0,0.4,24.6,24.2,7.0,0,-8.120761095597121,2.8463442630358147,-10.967105358632935,-10.0,0.0,1,0,0,-31,0
472,2024-25,Round 3,Dragons,Sharks,30,33,"Rodney Parade, Newport",2024-10-05,-15.8,15.6,31.4,8.0,0,-7.2,22.8,30.0,7.0,0,-10.198743419185444,-3.748475556598844,-6.4502678625866,-8.600000000000001,1.0,1,0,0,-3,0
473,2024-25,Round 4,Glasgow,Zebre,33,3,"Scotstoun Stadium, Glasgow",2024-10-11,11.8,30.2,18.4,7.0,0,-10.6,21.6,32.2,6.0,0,9.261932785915324,-10.624050559733828,19.88598334564915,22.4,1.0,0,0,0,30,1
474,2024-25,Round 4,Benetton,Sharks,38,10,"Stadio Monigo, Treviso",2024-10-12,-11.6,20.2,31.8,7.0,0,-7.6,23.0,30.6,7.0,0,-5.389158207843217,-3.493502342857504,-1.8956558649857134,-4.0,0.0,1,0,0,28,1
475,2024-25,Round 4,Cardiff,Scarlets,19,25,"Cardiff Arms Park, Cardiff",2024-10-12,3.2,29.4,26.2,8.0,0,4.2,24.4,20.2,8.0,0,-2.4297605328643,-7.032185839606836,4.602425306742536,-1.0,0.0,0,0,0,-6,0
476,2024-25,Round 4,Edinburgh,Stormers,38,7,"Hive Stadium, Edinburgh",2024-10-12,-14.0,20.0,34.0,7.0,1,2.0,23.0,21.0,7.0,0,-1.608273070056899,5.349633727172521,-6.95790679722942,-16.0,0.0,1,0,0,31,1
477,2024-25,Round 4,Leinster,Munster,26,12,"Croke Park, Dublin",2024-10-12,15.6,33.0,17.4,7.0,0,5.0,24.8,19.8,7.0,0,10.339716121678492,4.476097545414658,5.863618576263835,10.6,0.0,0,0,0,14,1
478,2024-25,Round 4,Ospreys,Bulls,19,29,"Swansea.com Stadium, Swansea",2024-10-12,-4.8,19.6,24.4,7.0,0,8.8,27.2,18.4,7.0,1,-1.6188243644699365,6.709985951840788,-8.328810316310724,-13.600000000000001,0.0,1,0,0,-10,0
479,2024-25,Round 4,Ulster,Connacht,32,27,"Ravenhill Stadium, Belfast",2024-10-12,-13.2,21.4,34.6,7.0,1,-5.0,22.4,27.4,8.0,0,-0.6269856082047149,-0.5550262483006208,-0.07195935990409419,-8.2,-1.0,0,0,0,5,1
480,2024-25,Round 4,Dragons,Lions,19,23,"Rodney Parade, Newport",2024-10-13,-11.8,17.4,29.2,8.0,0,17.2,38.4,21.2,8.0,1,-10.453716632926785,7.694117274842855,-18.147833907769638,-29.0,0.0,1,0,0,-4,0
481,2024-25,Round 5,Scarlets,Bulls,23,22,"Parc y Scarlets, Llanelli",2024-10-18,2.6,23.0,20.4,6.0,0,8.4,27.8,19.4,6.0,0,-5.371943308932583,7.477104920209715,-12.849048229142298,-5.800000000000001,0.0,1,0,0,1,1
482,2024-25,Round 5,Ulster,Ospreys,36,12,"Ravenhill Stadium, Belfast",2024-10-18,-11.2,23.0,34.2,6.0,0,-7.6,16.8,24.4,6.0,0,-0.7197896722143056,-2.385943332838864,1.6661536606245586,-3.5999999999999996,0.0,0,0,0,24,1
483,2024-25,Round 5,Zebre,Lions,9,10,"Stadio Sergio Lanfranchi, Parma",2024-10-19,-13.8,18.6,32.4,8.0,0,13.8,36.2,22.4,6.0,0,-11.035452225168912,6.879333884065892,-17.914786109234804,-27.6,2.0,1,0,0,-1,0
484,2024-25,Round 5,Sharks,Glasgow,28,24,"Kings Park Stadium, Durban",2024-10-19,-13.0,20.2,33.2,7.0,1,16.4,33.4,17.0,8.0,1,-5.883067929356075,9.673334451350408,-15.556402380706484,-29.4,-1.0,1,0,0,4,1
485,2024-25,Round 5,Stormers,Munster,34,19,"Cape Town Stadium, Cape Town",2024-10-19,-5.0,21.2,26.2,7.0,1,-1.0,22.6,23.6,7.0,1,2.253843047449579,4.262459403041041,-2.008616355591462,-4.0,0.0,1,0,0,15,1
486,2024-25,Round 5,Edinburgh,Cardiff,27,8,"Hive Stadium, Edinburgh",2024-10-19,-7.2,22.4,29.6,7.0,0,-2.4,26.0,28.4,7.0,0,1.487517609666043,-4.090003063538553,5.577520673204596,-4.800000000000001,0.0,0,0,0,19,1
487,2024-25,Round 5,Connacht,Leinster,12,33,"The Sportsground, Galway",2024-10-19,-5.2,25.4,30.6,7.0,0,13.8,29.6,15.8,7.0,0,-0.4622221842910301,10.553354264052109,-11.01557644834314,-19.0,0.0,0,0,0,-21,0
488,2024-25,Round 5,Dragons,Benetton,21,31,"Rodney Parade, Newport",2024-10-19,-10.0,18.6,28.6,6.0,0,-1.8,20.8,22.6,7.0,0,-9.63893324214982,-2.999592621344646,-6.639340620805173,-8.2,-1.0,0,0,0,-10,0
489,2024-25,Round 6,Scarlets,Zebre,30,8,"Parc y Scarlets, Llanelli",2024-10-25,-0.6,21.2,21.8,7.0,0,-11.6,15.2,26.8,6.0,0,-4.587038486018352,-9.943973614245431,5.356935128227079,11.0,1.0,0,0,0,22,1
490,2024-25,Round 6,Benetton,Bulls,15,17,"Stadio Monigo, Treviso",2024-10-25,-4.8,20.8,25.6,6.0,0,7.2,27.2,20.0,7.0,0,-2.0635266834251635,6.692200097295485,-8.755726780720648,-12.0,-1.0,1,0,0,-2,0
491,2024-25,Round 6,Ospreys,Edinburgh,22,13,"Brewery Field, Bridgend",2024-10-26,-9.2,17.8,27.0,8.0,0,1.6,26.6,25.0,7.0,0,-4.019327966776409,2.229765542345584,-6.249093509121993,-10.799999999999999,1.0,0,0,0,9,1
492,2024-25,Round 6,Stormers,Glasgow,17,28,"Danie Craven Stadium, Stellenbosch",2024-10-26,-3.0,22.2,25.2,7.0,0,14.6,34.0,19.4,7.0,0,3.354704683008726,8.31769421327976,-4.962989530271034,-17.6,0.0,1,0,0,-11,0
493,2024-25,Round 6,Sharks,Munster,41,24,"Kings Park Stadium, Durban",2024-10-26,-7.8,23.0,30.8,7.0,0,-2.6,24.4,27.0,7.0,0,-4.5274276912854265,3.1615977674818945,-7.689025458767321,-5.199999999999999,0.0,1,0,0,17,1
494,2024-25,Round 6,Cardiff,Ulster,21,19,"Cardiff Arms Park, Cardiff",2024-10-26,-5.4,21.8,27.2,7.0,0,-1.8,26.2,28.0,8.0,0,-4.832250996218094,0.9135949617232386,-5.745845957941333,-3.6000000000000005,-1.0,0,0,0,2,1
495,2024-25,Round 6,Leinster,Lions,24,6,"Aviva Stadium, Dublin",2024-10-26,19.0,32.2,13.2,7.0,0,9.4,29.4,20.0,7.0,0,12.151796619217794,5.787855273142411,6.363941346075383,9.6,0.0,1,0,0,18,1
496,2024-25,Round 6,Connacht,Dragons,31,7,"The Sportsground, Galway",2024-10-26,-4.2,26.4,30.6,7.0,0,-8.6,19.8,28.4,7.0,0,-2.060664539456716,-10.574999180069302,8.514334640612585,4.3999999999999995,0.0,0,0,0,24,1
497,2024-25,Round 7,Glasgow,Scarlets,17,15,"Scotstoun Stadium, Glasgow",2024-11-29,17.0,35.8,18.8,30.0,1,3.8,23.2,19.4,30.0,0,9.521395260252657,-3.52273199884106,13.044127259093717,13.2,0.0,0,0,0,2,1
498,2024-25,Round 7,Ulster,Leinster,20,27,"Ravenhill Stadium, Belfast",2024-11-29,-2.4,26.0,28.4,30.0,0,22.2,30.4,8.2,30.0,0,0.7390103659291054,12.715402484610255,-11.976392118681149,-24.599999999999998,0.0,0,0,0,-7,0
499,2024-25,Round 7,Edinburgh,Benetton,50,33,"Hive Stadium, Edinburgh",2024-11-30,0.2,23.0,22.8,30.0,0,-5.2,19.8,25.0,30.0,0,1.3048561914333845,-1.9879540053530984,3.292810196786483,5.4,0.0,0,0,0,17,1
500,2024-25,Round 7,Zebre,Ospreys,22,17,"Stadio Sergio Lanfranchi, Parma",2024-11-30,-15.0,13.4,28.4,30.0,0,-7.0,18.0,25.0,30.0,0,-11.008280101422724,-3.094418615864209,-7.913861485558515,-8.0,0.0,0,0,0,5,1
501,2024-25,Round 7,Sharks,Stormers,21,15,"Kings Park Stadium, Durban",2024-11-30,-2.0,28.4,30.4,30.0,0,-1.8,23.6,25.4,30.0,0,-2.658525145408694,2.151003636035829,-4.809528781444524,-0.19999999999999996,0.0,0,0,0,6,1
502,2024-25,Round 7,Cardiff,Dragons,31,23,"Cardiff Arms Park, Cardiff",2024-11-30,-6.0,21.6,27.6,30.0,0,-13.8,16.6,30.4,30.0,0,-4.6576664004239605,-11.523565716008044,6.865899315584083,7.800000000000001,0.0,0,0,0,8,1
503,2024-25,Round 7,Connacht,Bulls,14,28,"The Sportsground, Galway",2024-11-30,1.0,26.0,25.0,30.0,0,8.6,27.4,18.8,30.0,0,-1.1120980035179748,6.616627419223421,-7.7287254227413955,-7.6,0.0,1,0,0,-14,0
504,2024-25,Round 7,Munster,Lions,17,10,"Thomond Park, Limerick",2024-11-30,-6.4,22.2,28.6,30.0,1,6.8,25.8,19.0,30.0,0,1.292695221605162,5.22424940774995,-3.931554186144788,-13.2,0.0,1,0,0,7,1
505,2024-25,Round 8,Ulster,Munster,19,22,"Ravenhill Stadium, Belfast",2024-12-20,-1.2,25.6,26.8,21.0,0,-3.2,19.0,22.2,20.0,0,0.6366495777972205,1.785850640219641,-1.1492010624224205,2.0,1.0,0,0,0,-3,0
506,2024-25,Round 8,Leinster,Connacht,20,12,"Aviva Stadium, Dublin",2024-12-21,18.0,29.0,11.0,22.0,0,-3.0,21.6,24.6,21.0,0,12.81776327274214,-2.3392254612438355,15.156988733985974,21.0,1.0,0,0,0,8,1
507,2024-25,Round 8,Benetton,Zebre,11,10,"Stadio Monigo, Treviso",2024-12-21,-2.2,24.4,26.6,21.0,0,-15.8,9.4,25.2,21.0,0,-2.7586729856744503,-10.316893952866872,7.558220967192422,13.600000000000001,0.0,0,0,0,1,1
508,2024-25,Round 8,Stormers,Lions,29,10,"Cape Town Stadium, Cape Town",2024-12-21,-0.4,21.8,22.2,21.0,0,2.8,20.8,18.0,21.0,1,1.6700507578913768,4.731093989135471,-3.061043231244094,-3.1999999999999997,0.0,0,0,0,19,1
509,2024-25,Round 8,Sharks,Bulls,20,17,"Kings Park Stadium, Durban",2024-12-21,0.4,26.6,26.2,21.0,0,10.2,28.6,18.4,21.0,1,-2.177572267264241,7.843754876949282,-10.021327144213522,-9.799999999999999,0.0,0,0,0,3,1
510,2024-25,Round 8,Ospreys,Scarlets,23,22,"Swansea.com Stadium, Swansea",2024-12-21,-10.6,14.0,24.6,21.0,0,5.2,23.2,18.0,22.0,0,-3.785804764420061,-1.818319272931688,-1.9674854914883733,-15.8,-1.0,0,0,0,1,1
511,2024-25,Round 8,Glasgow,Edinburgh,33,14,"Hampden Park, Glasgow",2024-12-22,11.0,30.8,19.8,23.0,0,4.8,29.8,25.0,22.0,0,7.816982534343285,2.075575171754736,5.741407362588548,6.2,1.0,0,0,0,19,1
512,2024-25,Round 8,Dragons,Cardiff,22,24,"Rodney Parade, Newport",2024-12-26,-9.8,20.0,29.8,26.0,0,-6.2,23.0,29.2,26.0,0,-11.036975784449636,-5.144256331982369,-5.892719452467267,-3.6000000000000005,0.0,0,0,0,-2,0
513,2024-25,Round 9,Munster,Leinster,7,28,"Thomond Park, Limerick",2024-12-27,-7.2,18.8,26.0,7.0,0,13.6,26.0,12.4,6.0,0,2.570930533977399,11.502064399343544,-8.931133865366146,-20.8,1.0,0,0,0,-21,0
514,2024-25,Round 9,Stormers,Sharks,24,20,"Cape Town Stadium, Cape Town",2024-12-28,-2.8,20.4,23.2,7.0,0,0.4,24.0,23.6,7.0,0,3.2761550810157862,-1.475439552842889,4.751594633858675,-3.1999999999999997,0.0,0,0,0,4,1
515,2024-25,Round 9,Zebre,Benetton,12,24,"Stadio Sergio Lanfranchi, Parma",2024-12-28,-9.8,10.4,20.2,7.0,0,4.0,25.6,21.6,7.0,0,-9.06107185614763,-4.014495082393693,-5.046576773753936,-13.8,0.0,0,0,0,-12,0
516,2024-25,Round 9,Edinburgh,Glasgow,10,7,"Murrayfield Stadium, Edinburgh",2024-12-28,7.8,28.4,20.6,6.0,0,11.6,27.0,15.4,6.0,0,1.3497159080135908,8.54284179808443,-7.193125890070839,-3.8,0.0,0,0,0,3,1
517,2024-25,Round 9,Connacht,Ulster,7,17,"The Sportsground, Galway",2024-12-28,-4.8,19.2,24.0,7.0,0,3.4,25.2,21.8,8.0,0,-1.0235265878452378,-0.1484303159605374,-0.8750962718847004,-8.2,-1.0,0,0,0,-10,0
518,2024-25,Round 9,Cardiff,Ospreys,13,13,"Cardiff Arms Park, Cardiff",2025-01-01,-2.6,20.6,23.2,6.0,0,-5.8,18.6,24.4,11.0,0,-4.933528277229096,-4.089056215271224,-0.8444720619578714,3.1999999999999997,-5.0,0,0,0,0,0
519,2024-25,Round 9,Scarlets,Dragons,32,15,"Parc y Scarlets, Llanelli",2025-01-01,5.2,23.0,17.8,11.0,0,-9.6,18.4,28.0,6.0,0,-1.5150678220805256,-11.24770383920291,9.732636017122385,14.8,5.0,0,0,0,17,1
520,2024-25,Round 10,Ospreys,Benetton,43,0,"Swansea.com Stadium, Swansea",2025-01-24,-3.8,17.4,21.2,23.0,0,0.8,22.8,22.0,27.0,0,-3.573503421467011,-2.7191527597690865,-0.8543506616979246,-4.6,-4.0,0,0,0,43,1
521,2024-25,Round 10,Cardiff,Sharks,22,42,"Cardiff Arms Park, Cardiff",2025-01-25,-1.4,19.4,20.8,24.0,0,5.2,26.0,20.8,28.0,1,-5.449081071033309,-0.8002800894570212,-4.648800981576287,-6.6,-4.0,1,0,0,-20,0
522,2024-25,Round 10,Dragons,Munster,19,38,"Rodney Parade, Newport",2025-01-25,-12.2,17.6,29.8,24.0,0,-8.6,17.8,26.4,29.0,0,-11.37444023749067,0.764043920514013,-12.138484158004683,-3.5999999999999996,-5.0,0,0,0,-19,0
523,2024-25,Round 10,Leinster,Stormers,36,12,"Aviva Stadium, Dublin",2025-01-25,15.0,26.4,11.4,29.0,0,4.2,23.8,19.6,28.0,1,13.30895101280693,2.6009956176299185,10.707955395177011,10.8,1.0,1,0,0,24,1
524,2024-25,Round 10,Scarlets,Edinburgh,30,24,"Parc y Scarlets, Llanelli",2025-01-25,7.4,24.4,17.0,24.0,0,2.2,22.8,20.6,28.0,0,-1.388331423792764,1.7690284970206749,-3.157359920813439,5.2,-4.0,0,0,0,6,1
525,2024-25,Round 10,Lions,Bulls,22,35,"Ellis Park Stadium, Johannesburg",2025-01-25,-7.8,11.8,19.6,30.0,0,4.4,22.6,18.2,30.0,0,3.1249896660110617,7.14162216252793,-4.016632496516868,-12.2,0.0,0,0,0,-13,0
526,2024-25,Round 10,Ulster,Zebre,14,15,"Ravenhill Stadium, Belfast",2025-01-26,4.4,22.2,17.8,29.0,0,-6.2,12.2,18.4,29.0,0,1.3640600568509926,-10.356414178772235,11.720474235623229,10.600000000000001,0.0,0,0,0,-1,0
527,2024-25,Round 10,Glasgow,Connacht,22,19,"Scotstoun Stadium, Glasgow",2025-01-26,5.0,21.8,16.8,29.0,0,-5.8,15.2,21.0,29.0,0,8.123529209077345,-2.5360169606567675,10.659546169734114,10.8,0.0,0,0,0,3,1
528,2024-25,Round 1,Stormers,Bulls,32,33,"Cape Town Stadium, Cape Town",2025-02-08,-3.6,19.4,23.0,14.0,1,5.0,23.8,18.8,14.0,0,1.8717911571476196,8.639958912876242,-6.768167755728623,-8.6,0.0,0,0,0,-1,0
529,2024-25,Round 11,Ospreys,Leinster,19,22,"Swansea.com Stadium, Swansea",2025-02-14,9.6,23.6,14.0,21.0,0,15.6,27.0,11.4,20.0,0,-1.0880683552972186,14.038155473289228,-15.126223828586447,-6.0,1.0,0,0,0,-3,0
530,2024-25,Round 11,Edinburgh,Zebre,17,22,"Hive Stadium, Edinburgh",2025-02-14,-2.8,22.2,25.0,20.0,0,-5.8,13.4,19.2,19.0,0,1.4532925049393308,-8.484366755209912,9.937659260149243,3.0,1.0,0,0,0,-5,0
531,2024-25,Round 11,Benetton,Ulster,34,19,"Stadio Monigo, Treviso",2025-02-15,-9.8,16.6,26.4,22.0,0,-0.6,17.8,18.4,20.0,0,-5.204587825938879,-0.5079873667113304,-4.6966004592275485,-9.200000000000001,2.0,0,0,0,15,1
532,2024-25,Round 11,Munster,Scarlets,29,8,"Thomond Park, Limerick",2025-02-15,-1.8,21.6,23.4,21.0,0,8.4,25.8,17.4,21.0,0,2.0501955047135447,-1.07259543171142,3.1227909364249644,-10.200000000000001,0.0,0,0,0,21,1
533,2024-25,Round 11,Bulls,Sharks,19,29,"Loftus Versfeld Stadium, Pretoria",2025-02-15,5.4,26.0,20.6,7.0,0,8.4,28.8,20.4,21.0,1,8.66314213730338,1.3348398123853502,7.328302324918029,-3.0,-14.0,0,1,0,-10,0
534,2024-25,Round 11,Connacht,Cardiff,24,19,"The Sportsground, Galway",2025-02-15,-2.2,16.6,18.8,20.0,0,-1.6,22.2,23.8,21.0,0,-1.1700623436833562,-7.58420097287568,6.4141386291923235,-0.6000000000000001,-1.0,0,0,0,5,1
535,2024-25,Round 11,Lions,Stormers,30,23,"Ellis Park Stadium, Johannesburg",2025-02-15,-11.2,11.6,22.8,21.0,0,-1.6,22.4,24.0,7.0,0,1.6266529156627485,1.8486079327204816,-0.22195501705773313,-9.6,14.0,0,1,0,7,1
536,2024-25,Round 11,Dragons,Glasgow,20,45,"Rodney Parade, Newport",2025-02-16,-14.0,17.2,31.2,22.0,0,6.4,21.4,15.0,21.0,0,-12.660591821690202,6.757574592103934,-19.418166413794136,-20.4,1.0,0,0,0,-25,0
537,2024-25,Round 9,Bulls,Lions,31,19,"Loftus Versfeld Stadium, Pretoria",2025-02-22,3.0,26.4,23.4,7.0,0,-10.0,15.6,25.6,7.0,0,6.330311904811577,1.748848417368522,4.581463487443055,13.0,0.0,0,0,0,12,1
538,2024-25,Round 12,Zebre,Dragons,31,21,"Stadio Sergio Lanfranchi, Parma",2025-02-28,-0.4,16.2,16.6,14.0,0,-14.2,19.8,34.0,12.0,0,-6.390600829194987,-13.818775180310787,7.4281743511158,13.799999999999999,2.0,0,0,0,10,1
539,2024-25,Round 12,Munster,Edinburgh,28,34,"Musgrave Park, Cork",2025-02-28,5.8,22.6,16.8,13.0,0,-2.0,23.0,25.0,14.0,0,3.237916411071049,-0.6404734210755934,3.8783898321466426,7.8,-1.0,0,0,0,-6,0
540,2024-25,Round 12,Lions,Sharks,38,14,"Ellis Park Stadium, Johannesburg",2025-03-01,-8.8,18.2,27.0,7.0,0,7.0,26.4,19.4,14.0,0,1.6069947661128274,3.667670044877153,-2.060675278764325,-15.8,-7.0,0,1,0,24,1
541,2024-25,Round 12,Bulls,Stormers,16,19,"Loftus Versfeld Stadium, Pretoria",2025-03-01,2.6,27.0,24.4,7.0,0,-1.8,24.0,25.8,14.0,0,6.472165556067272,1.7264124310147082,4.7457531250525635,4.4,-7.0,0,1,0,-3,0
542,2024-25,Round 12,Leinster,Cardiff,42,24,"Aviva Stadium, Dublin",2025-03-01,12.6,26.6,14.0,15.0,0,-3.0,21.8,24.8,14.0,0,13.425533090430584,-6.842787109956447,20.26832020038703,15.6,1.0,0,0,0,18,1
543,2024-25,Round 12,Ulster,Scarlets,30,28,"Ravenhill Stadium, Belfast",2025-03-01,-3.2,17.8,21.0,14.0,0,-0.2,21.4,21.6,14.0,0,-1.8776474126340852,-2.2603163380689235,0.3826689254348383,-3.0,0.0,0,0,0,2,1
544,2024-25,Round 12,Connacht,Benetton,38,30,"The Sportsground, Galway",2025-03-01,-6.0,15.2,21.2,14.0,0,-6.4,20.4,26.8,14.0,0,-1.9114762066025883,-3.834927780016124,1.9234515734135358,0.40000000000000036,0.0,0,0,0,8,1
545,2024-25,Round 12,Glasgow,Ospreys,31,32,"Scotstoun Stadium, Glasgow",2025-03-01,9.2,24.8,15.6,13.0,0,7.2,23.0,15.8,15.0,0,7.915757950724521,-0.4754459724385738,8.391203923163093,1.9999999999999991,-2.0,0,0,0,-1,0
546,2024-25,Round 1,Sharks,Lions,25,22,Hollywoodbets Kings Park,2025-03-08,1.0,25.0,24.0,7.0,0,-2.6,23.8,26.4,7.0,0,1.6616025170007205,3.61306229398926,-1.9514597769885393,3.6,0.0,0,0,0,3,1
547,2024-25,Round 13,Glasgow,Munster,28,25,Scotstoun Stadium,2025-03-21,8.6,27.6,19.0,20.0,0,3.2,24.8,21.6,21.0,0,6.376637558408211,1.6500774278563843,4.726560130551826,5.3999999999999995,-1.0,0,0,0,3,1
548,2024-25,Round 13,Cardiff,Lions,20,17,"Cardiff Arms Park, Cardiff",2025-03-21,-8.2,20.4,28.6,20.0,0,0.6,26.2,25.6,13.0,1,-6.015955089917744,3.7179163162904056,-9.73387140620815,-8.799999999999999,7.0,1,0,0,3,1
549,2024-25,Round 13,Scarlets,Stormers,17,29,"Parc y Scarlets, Llanelli",2025-03-22,-0.2,24.0,24.2,21.0,0,-5.0,22.0,27.0,21.0,1,-1.82204944552544,3.1009877435199646,-4.923037189045404,4.8,0.0,1,0,0,-12,0
550,2024-25,Round 13,Ospreys,Connacht,43,40,"Swansea.com Stadium, Swansea",2025-03-22,8.4,26.0,17.6,21.0,0,-1.6,20.0,21.6,21.0,0,1.0636744198777357,-1.9038213639439416,2.9674957838216773,10.0,0.0,0,0,0,3,1
551,2024-25,Round 13,Dragons,Ulster,30,34,"Rodney Parade, Newport",2025-03-22,-14.6,19.4,34.0,22.0,0,-1.4,19.8,21.2,21.0,0,-13.475957745199208,-2.315914305177569,-11.160043440021639,-13.2,1.0,0,0,0,-4,0
552,2024-25,Round 13,Sharks,Zebre,35,34,"Kings Park Stadium, Durban",2025-03-22,1.0,26.0,25.0,14.0,0,0.6,18.0,17.4,22.0,1,1.5567484946995742,-6.733418264306567,8.29016675900614,0.4,-8.0,1,0,0,1,1
553,2024-25,Round 13,Benetton,Edinburgh,21,18,"Stadio Monigo, Treviso",2025-03-22,-4.6,19.8,24.4,21.0,0,-4.2,19.8,24.0,22.0,0,-3.8425826226747706,0.9473655621390707,-4.789948184813841,-0.39999999999999947,-1.0,0,0,0,3,1
554,2024-25,Round 13,Bulls,Leinster,21,20,"Loftus Versfeld Stadium, Pretoria",2025-03-22,2.6,26.8,24.2,21.0,0,14.8,29.6,14.8,21.0,1,5.097590243562015,12.59870107039188,-7.501110826829864,-12.200000000000001,0.0,1,1,0,1,1
555,2024-25,Round 14,Ulster,Stormers,38,34,"Ravenhill Stadium, Belfast",2025-03-28,0.0,22.8,22.8,6.0,0,-3.4,23.0,26.4,6.0,0,-2.431918649179733,4.408684024615424,-6.840602673795157,3.4,0.0,1,0,0,4,1
556,2024-25,Round 14,Edinburgh,Dragons,38,5,"Hive Stadium, Edinburgh",2025-03-28,-1.0,20.6,21.6,6.0,0,-15.0,21.0,36.0,6.0,0,0.7683707436576868,-13.359953401197044,14.128324144854732,14.0,0.0,0,0,0,33,1
557,2024-25,Round 14,Connacht,Munster,24,30,"MacHale Park, Castlebar",2025-03-29,-0.6,25.6,26.2,7.0,0,2.0,25.4,23.4,8.0,0,-1.307071785561774,2.422733440911567,-3.729805226473341,-2.6,-1.0,0,0,0,-6,0
558,2024-25,Round 14,Benetton,Cardiff,20,19,"Stadio Monigo, Treviso",2025-03-29,-4.2,21.8,26.0,7.0,0,-8.0,19.6,27.6,8.0,0,-3.663587804193386,-5.342567949296929,1.678980145103543,3.8,-1.0,0,0,0,1,1
559,2024-25,Round 14,Bulls,Zebre,63,24,"Loftus Versfeld Stadium, Pretoria",2025-03-29,0.2,24.0,23.8,7.0,0,0.6,22.8,22.2,7.0,0,5.3477013262450015,-5.404401588405953,10.752102914650955,-0.39999999999999997,0.0,1,1,0,39,1
560,2024-25,Round 14,Sharks,Leinster,7,10,"Kings Park Stadium, Durban",2025-03-29,2.0,29.0,27.0,7.0,0,13.0,29.6,16.6,7.0,0,0.2277318187989601,12.348589987708896,-12.120858168909937,-11.0,0.0,1,0,0,-3,0
561,2024-25,Round 14,Scarlets,Ospreys,38,22,"Parc y Scarlets, Llanelli",2025-03-29,-2.4,23.0,25.4,7.0,0,8.8,30.0,21.2,7.0,0,-3.1297457266208992,0.4669248414955679,-3.5966705681164672,-11.200000000000001,0.0,0,0,0,16,1
562,2024-25,Round 14,Glasgow,Lions,42,0,"Scotstoun Stadium, Glasgow",2025-03-29,5.4,26.6,21.2,8.0,0,2.6,25.2,22.6,8.0,0,5.603981545353028,3.0445291756695907,2.559452369683437,2.8000000000000003,0.0,1,0,0,42,1
563,2024-25,Round 15,Edinburgh,Sharks,17,18,"Hive Stadium, Edinburgh",2025-04-18,5.0,26.2,21.2,21.0,0,-2.6,22.0,24.6,20.0,1,1.7555383291722138,0.5398176356899536,1.2157206934822602,7.6,1.0,1,0,0,-1,0
564,2024-25,Round 15,Lions,Benetton,31,42,"Ellis Park Stadium, Johannesburg",2025-04-19,-7.2,19.2,26.4,21.0,1,-6.4,21.0,27.4,21.0,1,0.9004744126379345,-4.33148581870374,5.231960231341675,-0.7999999999999998,0.0,1,1,0,-11,0
565,2024-25,Round 15,Munster,Bulls,13,16,"Thomond Park, Limerick",2025-04-19,7.4,30.0,22.6,21.0,0,7.8,30.0,22.2,21.0,1,3.2497529182642326,6.672491034779906,-3.4227381165156734,-0.39999999999999947,0.0,1,0,0,-3,0
566,2024-25,Round 15,Stormers,Connacht,34,29,"Cape Town Stadium, Cape Town",2025-04-19,0.6,27.4,26.8,22.0,1,0.2,29.0,28.8,21.0,1,3.9246237572359086,-2.13409126291444,6.058715020150348,0.39999999999999997,1.0,1,0,0,5,1
567,2024-25,Round 15,Zebre,Glasgow,6,14,"Stadio Sergio Lanfranchi, Parma",2025-04-19,-4.8,25.2,30.0,21.0,1,14.4,33.6,19.2,21.0,0,-6.729191296940858,7.748036308384684,-14.477227605325542,-19.2,0.0,0,0,0,-8,0
568,2024-25,Round 15,Dragons,Scarlets,23,31,"Millennium Stadium, Cardiff",2025-04-19,-18.2,19.0,37.2,22.0,0,-2.6,24.2,26.8,21.0,0,-14.347120986711571,-1.7700786698092523,-12.577042316902318,-15.6,1.0,0,0,0,-8,0
569,2024-25,Round 15,Ospreys,Cardiff,19,36,"Millennium Stadium, Cardiff",2025-04-19,5.6,31.8,26.2,21.0,0,-8.2,20.8,29.0,21.0,0,-0.892742215316079,-4.674669934786575,3.781927719470496,13.799999999999999,0.0,0,0,0,-17,0
570,2024-25,Round 15,Leinster,Ulster,41,17,"Aviva Stadium, Dublin",2025-04-19,9.4,26.0,16.6,21.0,1,-1.2,27.0,28.2,22.0,0,12.0365041708179,-1.9478583818002173,13.984362552618116,10.6,-1.0,0,0,0,24,1
571,2024-25,Round 16,Glasgow,Bulls,19,26,"Scotstoun Stadium, Glasgow",2025-04-25,15.4,32.0,16.6,6.0,0,10.4,29.4,19.0,6.0,0,7.700313547852129,7.230217223128339,0.4700963247237908,5.0,0.0,1,0,0,-7,0
572,2024-25,Round 16,Cardiff,Munster,26,21,Cardiff Arms Park,2025-04-25,-0.8,23.6,24.4,6.0,0,3.0,25.0,22.0,6.0,0,-1.9964771628395253,2.6920267299158,-4.6885038927553255,-3.8,0.0,0,0,0,5,1
573,2024-25,Round 16,Zebre,Edinburgh,25,25,"Stadio Sergio Lanfranchi, Parma",2025-04-25,-6.6,23.4,30.0,6.0,0,6.0,24.8,18.8,7.0,0,-6.681468536408303,0.9339662598239876,-7.615434796232291,-12.6,-1.0,0,0,0,0,0
574,2024-25,Round 16,Lions,Connacht,26,7,"Ellis Park Stadium, Johannesburg",2025-04-26,-7.0,21.6,28.6,7.0,0,-0.2,31.0,31.2,7.0,0,-1.3227216104962332,-1.4282197608994047,0.10549815040317156,-6.8,0.0,1,1,0,19,1
575,2024-25,Round 16,Ospreys,Dragons,57,24,Swansea.com Stadium,2025-04-26,-6.4,27.0,33.4,7.0,0,-16.0,19.8,35.8,7.0,0,-3.5709349872631284,-14.48941675502134,10.918481767758212,9.6,0.0,0,0,0,33,1
576,2024-25,Round 16,Stormers,Benetton,56,5,Cape Town Stadium,2025-04-26,1.8,27.8,26.0,7.0,0,4.4,29.4,25.0,7.0,0,3.2187522552208736,-2.1082897955695725,5.327042050790446,-2.6000000000000005,0.0,1,0,0,51,1
577,2024-25,Round 16,Scarlets,Leinster,35,22,"Parc y Scarlets, Llanelli",2025-04-26,-2.2,24.4,26.6,7.0,0,9.4,27.0,17.6,7.0,0,-1.6277829014994842,12.43806791555609,-14.065850817055574,-11.600000000000001,0.0,0,0,0,13,1
578,2024-25,Round 16,Ulster,Sharks,19,22,"Ravenhill Stadium, Belfast",2025-04-26,-5.8,27.6,33.4,7.0,0,-4.4,19.8,24.2,8.0,0,-2.3494221265384057,1.3613897050381798,-3.7108118315765855,-1.3999999999999995,-1.0,1,0,0,-3,0
579,2024-25,Round 17,Munster,Ulster,38,20,"Thomond Park, Limerick",2025-05-09,-2.2,23.4,25.6,14.0,0,-3.4,27.6,31.0,13.0,0,2.3231763406402672,-2.8783409433807474,5.201517284021015,1.1999999999999997,1.0,0,0,0,18,1
580,2024-25,Round 17,Sharks,Ospreys,29,10,"Kings Park Stadium, Durban",2025-05-09,1.0,21.4,20.4,13.0,1,0.8,34.6,33.8,13.0,1,1.8903085218805211,-2.2627831640389493,4.15309168591947,0.19999999999999996,0.0,1,0,0,19,1
581,2024-25,Round 17,Connacht,Edinburgh,21,31,"The Sportsground, Galway",2025-05-10,-5.0,27.6,32.6,14.0,1,7.0,26.4,19.4,15.0,0,-2.717669945859088,0.7724227802007585,-3.490092726059846,-12.0,-1.0,0,0,0,-10,0
582,2024-25,Round 17,Benetton,Glasgow,33,7,"Stadio Monigo, Treviso",2025-05-10,-8.8,23.6,32.4,14.0,1,9.0,26.8,17.8,15.0,0,-3.975585590490528,6.35330391537975,-10.32888950587028,-17.8,-1.0,0,0,0,26,1
583,2024-25,Round 17,Bulls,Cardiff,45,21,"Loftus Versfeld Stadium, Pretoria",2025-05-10,9.4,28.4,19.0,15.0,1,1.2,25.0,23.8,15.0,1,8.577226855600717,-1.6276267735639929,10.20485362916471,8.200000000000001,0.0,1,1,0,24,1
584,2024-25,Round 17,Stormers,Dragons,48,12,Cape Town Stadium,2025-05-10,13.4,34.4,21.0,14.0,0,-17.6,20.6,38.2,14.0,1,5.086048050141829,-15.79756857824552,20.88361662838735,31.0,0.0,1,0,0,36,1
585,2024-25,Round 17,Leinster,Zebre,76,5,"Aviva Stadium, Dublin",2025-05-10,6.2,27.0,20.8,14.0,0,-7.6,24.0,31.6,15.0,0,10.331482833850531,-6.519925056785074,16.851407890635606,13.8,-1.0,0,0,0,71,1
586,2024-25,Round 17,Lions,Scarlets,19,32,"Ellis Park Stadium, Johannesburg",2025-05-11,-8.0,19.2,27.2,15.0,0,4.6,29.8,25.2,15.0,1,-0.0332714255365502,0.4788021802060735,-0.5120736057426237,-12.6,0.0,1,1,0,-13,0
587,2024-25,Round 18,Edinburgh,Ulster,47,17,Edinburgh Rugby Stadium,2025-05-16,7.8,25.8,18.0,6.0,0,-7.4,25.6,33.0,7.0,0,2.023413507594774,-3.558189214978646,5.58160272257342,15.2,-1.0,0,0,0,30,1
588,2024-25,Round 18,Stormers,Cardiff,34,24,Cape Town Stadium,2025-05-16,20.0,40.2,20.2,6.0,0,0.0,24.4,24.4,6.0,0,5.397686387303094,-2.407141410647522,7.804827797950615,20.0,0.0,1,0,0,10,1
589,2024-25,Round 18,Munster,Benetton,30,21,"Musgrave Park, Cork",2025-05-16,2.6,25.4,22.8,7.0,0,-2.0,24.2,26.2,6.0,0,3.003024612238166,-0.9426966399035002,3.945721252141666,4.6,1.0,0,0,0,9,1
590,2024-25,Round 18,Sharks,Scarlets,12,3,"Kings Park Stadium, Durban",2025-05-17,4.2,22.2,18.0,8.0,0,7.6,30.6,23.0,6.0,0,2.7749993532885746,2.327594819631812,0.44740453365676247,-3.3999999999999995,2.0,1,0,0,9,1
591,2024-25,Round 18,Zebre,Connacht,12,22,"Stadio Sergio Lanfranchi, Parma",2025-05-17,-23.8,18.8,42.6,7.0,0,-8.6,24.2,32.8,7.0,0,-7.234784267721514,-3.9686606732531033,-3.2661235944684104,-15.200000000000001,0.0,0,0,0,-10,0
592,2024-25,Round 18,Lions,Ospreys,29,28,"Ellis Park Stadium, Johannesburg",2025-05-17,-10.0,18.6,28.6,6.0,0,-3.2,30.2,33.4,8.0,0,-1.882064064962288,-3.1474739954470023,1.2654099304847144,-6.8,-2.0,1,1,0,1,1
593,2024-25,Round 18,Leinster,Glasgow,13,5,"Aviva Stadium, Dublin",2025-05-17,16.8,33.8,17.0,7.0,0,4.0,22.0,18.0,7.0,0,11.046342044786972,3.320414964792722,7.72592707999425,12.8,0.0,0,0,0,8,1
594,2024-25,Round 18,Bulls,Dragons,55,15,"Loftus Versfeld Stadium, Pretoria",2025-05-17,14.8,34.2,19.4,7.0,0,-22.8,18.8,41.6,7.0,0,9.356741492684248,-16.109206915406784,25.46594840809103,37.6,0.0,1,1,0,40,1
595,2024-25,Quarter-finals,Glasgow,Stormers,36,18,"Scotstoun Stadium, Glasgow",2025-05-30,1.8,17.4,15.6,13.0,0,19.6,41.2,21.6,14.0,1,3.893007672792147,5.017203607508033,-1.1241959347158854,-17.8,-1.0,1,0,1,18,1
596,2024-25,Quarter-finals,Bulls,Edinburgh,42,33,"Loftus Versfeld Stadium, Pretoria",2025-05-31,22.6,41.0,18.4,14.0,0,14.4,31.6,17.2,15.0,1,9.210146651875144,3.865253235337432,5.344893416537712,8.200000000000001,-1.0,1,1,1,9,1
597,2024-25,Quarter-finals,Leinster,Scarlets,33,21,"Aviva Stadium, Dublin",2025-05-31,18.6,32.4,13.8,14.0,0,8.2,27.8,19.6,14.0,1,10.473749336787549,2.072335272997488,8.40141406379006,10.400000000000002,0.0,0,0,1,12,1
598,2024-25,Quarter-finals,Sharks,Munster,24,24,"Kings Park Stadium, Durban",2025-05-31,5.8,17.6,11.8,14.0,0,5.0,26.4,21.4,15.0,1,3.0302588999228983,2.9084524870239994,0.12180641289889893,0.7999999999999998,-1.0,1,0,1,0,0
599,2024-25,Semi-finals,Leinster,Glasgow,37,19,"Aviva Stadium, Dublin",2025-06-07,20.4,37.0,16.6,7.0,0,-3.0,16.2,19.2,8.0,0,10.23360793040854,5.205427266263736,5.028180664144805,23.4,-1.0,0,0,1,18,1
600,2024-25,Semi-finals,Bulls,Sharks,25,13,"Loftus Versfeld Stadium, Pretoria",2025-06-07,16.6,36.8,20.2,7.0,0,6.4,21.0,14.6,7.0,0,8.975657310221372,2.4180782586330083,6.557579051588364,10.200000000000001,0.0,0,1,1,12,1
601,2024-25,URC Grand Final,Leinster,Bulls,32,7,"Croke Park, Dublin",2025-06-14,19.2,36.2,17.0,7.0,0,18.4,38.6,20.2,7.0,1,10.93078986399406,8.919899405062536,2.0108904589315237,0.8000000000000007,0.0,1,0,1,25,1
602,2025-26,Round 1,Stormers,Leinster,35,0,Cape Town Stadium,2025-09-26,16.8,38.0,21.2,30.0,1,26.8,38.2,11.4,30.0,1,2.593348809825511,8.840790572670635,-6.247441762845124,-10.0,0.0,1,0,0,35,1
603,2025-26,Round 1,Glasgow,Sharks,35,19,"Scotstoun Stadium, Glasgow",2025-09-26,-8.2,17.2,25.4,30.0,0,3.8,20.0,16.2,30.0,1,3.155771732874751,1.7316853146542914,1.4240864182204598,-12.0,0.0,1,0,0,16,1
604,2025-26,Round 1,Ulster,Dragons,42,21,"Ravenhill Stadium, Belfast",2025-09-26,-14.2,22.2,36.4,30.0,0,-30.0,15.8,45.8,30.0,1,-3.7800202599049126,-11.173828452218377,7.393808192313465,15.8,0.0,0,0,0,21,1
605,2025-26,Round 1,Bulls,Ospreys,53,40,"Loftus Versfeld Stadium, Pretoria",2025-09-27,12.0,34.8,22.8,30.0,1,-4.0,27.2,31.2,30.0,0,5.054691915668982,-1.7646531016789713,6.819345017347953,16.0,0.0,1,1,0,13,1
606,2025-26,Round 1,Zebre,Edinburgh,31,28,"Stadio Sergio Lanfranchi, Parma",2025-09-27,-25.6,14.4,40.0,30.0,0,6.0,30.6,24.6,30.0,1,-5.95572033579227,2.8698198038938423,-8.825540139686112,-31.6,0.0,0,0,0,3,1
607,2025-26,Round 1,Scarlets,Munster,21,34,"Parc y Scarlets, Llanelli",2025-09-27,2.6,24.4,21.8,30.0,0,3.8,25.2,21.4,30.0,1,1.6187336755635455,2.4644431898197223,-0.8457095142561768,-1.1999999999999997,0.0,0,0,0,-13,0
608,2025-26,Round 1,Cardiff,Lions,33,20,Cardiff Arms Park,2025-09-27,-2.6,25.2,27.8,30.0,1,-9.2,21.0,30.2,30.0,1,-1.4186610415967222,-1.7560235406075315,0.3373624990108093,6.6,0.0,1,0,0,13,1
609,2025-26,Round 1,Connacht,Benetton,26,15,"The Sportsground, Galway",2025-09-27,-6.0,20.6,26.6,30.0,0,-4.4,24.2,28.6,30.0,0,-1.886691122889961,-0.5936871602825334,-1.2930039626074277,-1.5999999999999996,0.0,0,0,0,11,1
610,2025-26,Round 2,Stormers,Ospreys,26,10,Cape Town Stadium,2025-10-03,22.8,38.2,15.4,7.0,0,-3.4,30.8,34.2,6.0,0,5.618092986110023,-1.782718599944176,7.400811586054199,26.2,1.0,1,0,0,16,1
611,2025-26,Round 2,Dragons,Sharks,17,17,"Rodney Parade, Newport",2025-10-03,-27.6,19.0,46.6,7.0,0,0.0,19.4,19.4,7.0,0,-11.93444763298703,0.8740939564763373,-12.808541589463367,-27.6,0.0,1,0,0,0,0
612,2025-26,Round 2,Bulls,Leinster,39,31,"Loftus Versfeld Stadium, Pretoria",2025-10-04,9.8,36.4,26.6,7.0,0,5.6,23.0,17.4,8.0,0,5.072757413934186,5.816046396386122,-0.7432889824519364,4.200000000000001,-1.0,1,1,0,8,1
613,2025-26,Round 2,Benetton,Glasgow,16,14,"Stadio Comunale di Monigo, Treviso",2025-10-04,-6.8,23.2,30.0,7.0,0,-3.6,20.4,24.0,8.0,0,-1.2229875565432762,4.013363091052705,-5.236350647595981,-3.1999999999999997,-1.0,0,0,0,2,1
614,2025-26,Round 2,Munster,Cardiff,23,20,"Thomond Park, Limerick",2025-10-04,7.0,29.4,22.4,7.0,0,0.2,28.0,27.8,7.0,0,4.279872238394105,-0.7523972914978031,5.032269529891908,6.8,0.0,0,0,0,3,1
615,2025-26,Round 2,Zebre,Lions,22,20,"Stadio Sergio Lanfranchi, Parma",2025-10-05,-17.2,15.8,33.0,8.0,0,-3.4,25.0,28.4,8.0,0,-5.373166321823659,-2.4222872907064508,-2.950879031117208,-13.799999999999999,0.0,1,0,0,2,1
616,2025-26,Round 3,Munster,Edinburgh,20,19,"Musgrave Park, Cork",2025-10-10,8.6,29.8,21.2,6.0,0,5.6,32.8,27.2,13.0,0,3.476645285404913,2.287265789925231,1.189379495479682,3.0,-7.0,0,0,0,1,1
617,2025-26,Round 3,Scarlets,Stormers,0,34,"Parc y Scarlets, Llanelli",2025-10-10,-1.6,22.4,24.0,13.0,0,15.8,32.2,16.4,7.0,1,-0.1966953730108365,5.878011827504603,-6.07470720051544,-17.400000000000002,6.0,1,0,0,-34,0
618,2025-26,Round 3,Cardiff,Connacht,14,8,Cardiff Arms Park,2025-10-11,-3.8,24.8,28.6,7.0,0,-2.6,21.0,23.6,14.0,0,0.0508296614913879,-1.257390726629218,1.3082203881206058,-1.1999999999999997,-7.0,0,0,0,6,1
619,2025-26,Round 3,Benetton,Lions,41,15,"Stadio Comunale di Monigo, Treviso",2025-10-11,-8.6,18.0,26.6,7.0,0,-1.6,22.8,24.4,6.0,0,-1.099352491783678,-2.3173751938181715,1.2180227020344934,-7.0,1.0,1,0,0,26,1
620,2025-26,Round 3,Ospreys,Zebre,24,0,"Brewery Field, Bridgend",2025-10-11,-3.2,29.0,32.2,8.0,1,-15.2,19.0,34.2,6.0,0,-2.042637441338756,-5.478078418711938,3.435440977373182,12.0,2.0,0,0,0,24,1
621,2025-26,Round 3,Glasgow,Dragons,49,0,"Scotstoun Stadium, Glasgow",2025-10-11,1.2,21.8,20.6,7.0,0,-26.0,17.8,43.8,8.0,0,3.889728026293106,-11.253593474040692,15.143321500333798,27.2,-1.0,0,0,0,49,1
622,2025-26,Round 3,Leinster,Sharks,31,5,"Aviva Stadium, Dublin",2025-10-11,2.4,26.6,24.2,7.0,1,-3.8,17.0,20.8,8.0,0,5.541717498140929,0.1932397975300004,5.348477700610928,6.199999999999999,-1.0,1,0,0,26,1
623,2025-26,Round 3,Ulster,Bulls,28,7,"Ravenhill Stadium, Belfast",2025-10-11,-10.8,23.0,33.8,15.0,0,3.4,33.2,29.8,7.0,1,-3.019401079136259,5.347086312179379,-8.366487391315639,-14.200000000000001,8.0,1,0,0,21,1
624,2025-26,Round 4,Dragons,Cardiff,17,24,"Rodney Parade, Newport",2025-10-17,-29.2,13.0,42.2,6.0,0,-3.6,22.4,26.0,6.0,0,-12.139261324007313,-0.0799923773206727,-12.05926894668664,-25.599999999999998,0.0,0,0,0,-7,0
625,2025-26,Round 4,Connacht,Bulls,27,28,"The Sportsground, Galway",2025-10-17,-2.8,16.8,19.6,6.0,0,-2.6,26.2,28.8,6.0,0,-1.1265686878171577,3.0104375730478155,-4.137006260864974,-0.19999999999999973,0.0,1,0,0,-1,0
626,2025-26,Round 4,Edinburgh,Benetton,43,0,Edinburgh Rugby Stadium,2025-10-17,5.4,31.6,26.2,7.0,0,6.8,25.2,18.4,6.0,0,2.9062037394732,0.7788452380128728,2.1273585014603276,-1.3999999999999995,1.0,0,0,0,43,1
627,2025-26,Round 4,Ospreys,Glasgow,17,42,"Brewery Field, Bridgend",2025-10-18,-5.0,22.4,27.4,7.0,0,12.6,30.6,18.0,7.0,0,-0.5861815390760743,4.775395876259727,-5.361577415335801,-17.6,0.0,0,0,0,-25,0
628,2025-26,Round 4,Leinster,Munster,14,31,"Croke Park, Dublin",2025-10-18,5.2,26.2,21.0,7.0,0,5.2,26.2,21.0,8.0,0,7.006869728079836,2.8577073358569454,4.149162392222891,0.0,-1.0,0,0,0,-17,0
629,2025-26,Round 4,Sharks,Ulster,26,34,"Kings Park Stadium, Durban",2025-10-18,-10.8,15.6,26.4,7.0,1,-1.8,25.2,27.0,7.0,1,-1.2719124324089068,-0.6827523400046953,-0.5891600924042115,-9.0,0.0,1,0,0,-8,0
630,2025-26,Round 4,Zebre,Stormers,13,31,"Stadio Sergio Lanfranchi, Parma",2025-10-18,-20.0,14.0,34.0,7.0,0,15.4,29.4,14.0,8.0,0,-6.93453432097462,8.87054110745306,-15.80507542842768,-35.4,-1.0,1,0,0,-18,0
631,2025-26,Round 4,Lions,Scarlets,29,18,"Ellis Park Stadium, Johannesburg",2025-10-18,-10.6,20.6,31.2,7.0,1,-11.0,15.4,26.4,8.0,1,-4.195572923614723,-3.1892246529592927,-1.00634827065543,0.40000000000000036,-1.0,1,1,0,11,1
632,2025-26,Round 5,Glasgow,Bulls,21,12,"Scotstoun Stadium, Glasgow",2025-10-24,14.0,31.8,17.8,6.0,0,-4.8,26.8,31.6,7.0,0,7.339238134726147,3.2967369469613184,4.042501187764828,18.8,-1.0,1,0,0,9,1
633,2025-26,Round 5,Leinster,Zebre,50,26,"Aviva Stadium, Dublin",2025-10-25,-1.8,21.6,23.4,7.0,0,-9.4,15.6,25.0,7.0,0,4.291953488857548,-7.754026778131853,12.0459802669894,7.6000000000000005,0.0,0,0,0,24,1
634,2025-26,Round 5,Sharks,Scarlets,29,19,"Kings Park Stadium, Durban",2025-10-25,-12.4,16.0,28.4,7.0,0,-15.8,12.6,28.4,7.0,0,-2.612996423168486,-3.789859480024836,1.1768630568563503,3.4000000000000004,0.0,1,0,0,10,1
635,2025-26,Round 5,Lions,Ulster,49,31,"Ellis Park Stadium, Johannesburg",2025-10-25,-5.8,22.6,28.4,7.0,0,0.4,28.2,27.8,7.0,0,-3.59493809654918,0.6583316507548835,-4.2532697473040635,-6.2,0.0,1,1,0,18,1
636,2025-26,Round 5,Benetton,Stormers,16,31,"Stadio Comunale di Monigo, Treviso",2025-10-25,-7.0,18.6,25.6,8.0,0,17.0,28.8,11.8,7.0,0,-1.4084189118410946,9.69003356461029,-11.098452476451385,-24.0,1.0,1,0,0,-15,0
637,2025-26,Round 5,Cardiff,Edinburgh,20,19,Cardiff Arms Park,2025-10-25,2.6,23.0,20.4,8.0,0,12.0,34.0,22.0,8.0,0,0.0140807280106632,5.093467889327167,-5.079387161316504,-9.4,0.0,0,0,0,1,1
638,2025-26,Round 5,Dragons,Ospreys,19,19,"Rodney Parade, Newport",2025-10-25,-23.4,14.0,37.4,8.0,0,-6.2,23.8,30.0,7.0,0,-12.23333442933865,-3.1500237975424943,-9.083310631796156,-17.2,1.0,0,0,0,0,0
639,2025-26,Round 5,Munster,Connacht,17,15,"Thomond Park, Limerick",2025-10-25,6.8,26.4,19.6,7.0,0,0.8,20.8,20.0,8.0,0,5.572623575079234,-1.4128680617306602,6.985491636809894,6.0,-1.0,0,0,0,2,1
640,2025-26,Round 6,Ulster,Benetton,47,13,"Ravenhill Stadium, Belfast",2025-11-28,0.4,30.4,30.0,30.0,1,-8.2,17.6,25.8,30.0,0,-0.9669953239755228,-2.398573664195956,1.4315783402204332,8.6,0.0,0,0,0,34,1
641,2025-26,Round 6,Dragons,Leinster,10,24,"Rodney Parade, Newport",2025-11-28,-15.4,14.8,30.2,30.0,0,-2.0,25.2,27.2,30.0,0,-11.925003366159034,4.887355462158608,-16.81235882831764,-13.4,0.0,0,0,0,-14,0
642,2025-26,Round 6,Connacht,Sharks,44,17,"The Sportsground, Galway",2025-11-29,2.4,19.6,17.2,30.0,0,-8.0,19.2,27.2,30.0,1,-0.3143188980496707,-2.330682728854121,2.0163638308044503,10.4,0.0,1,0,0,27,1
643,2025-26,Round 6,Edinburgh,Ospreys,19,17,Edinburgh Rugby Stadium,2025-11-29,5.8,28.4,22.6,30.0,0,-6.0,22.0,28.0,30.0,0,5.085529173195517,-3.45835486072211,8.543884033917626,11.8,0.0,0,0,0,2,1
644,2025-26,Round 6,Scarlets,Glasgow,23,0,"Parc y Scarlets, Llanelli",2025-11-29,-16.0,15.8,31.8,30.0,1,19.4,32.2,12.8,30.0,0,-4.072173174339201,7.234988015949664,-11.307161190288866,-35.4,0.0,0,0,0,23,1
645,2025-26,Round 6,Zebre,Cardiff,14,29,"Stadio Sergio Lanfranchi, Parma",2025-11-29,-12.2,18.4,30.6,30.0,0,4.8,22.2,17.4,30.0,0,-8.349428751432914,0.0220194441423135,-8.371448195575228,-17.0,0.0,0,0,0,-15,0
646,2025-26,Round 6,Bulls,Lions,33,43,"Loftus Versfeld Stadium, Pretoria",2025-11-29,-1.6,27.8,29.4,30.0,1,-2.4,26.6,29.0,30.0,0,3.400987065737801,-1.9696111218187733,5.370598187556574,0.7999999999999998,0.0,0,0,0,-10,0
647,2025-26,Round 6,Munster,Stormers,21,27,"Thomond Park, Limerick",2025-11-29,7.2,25.0,17.8,30.0,0,23.6,31.4,7.8,30.0,0,4.474074411398245,10.680188316965152,-6.206113905566907,-16.400000000000002,0.0,1,0,0,-6,0
648,2025-26,Round 7,Cardiff,Scarlets,17,21,Cardiff Arms Park,2025-12-19,5.2,21.4,16.2,20.0,0,-9.0,16.2,25.2,20.0,0,1.284874624584791,-1.241457055310314,2.526331679895105,14.2,0.0,0,0,0,-4,0
649,2025-26,Round 7,Leinster,Ulster,24,20,"Aviva Stadium, Dublin",2025-12-19,7.8,30.0,22.2,21.0,0,13.2,36.4,23.2,21.0,0,5.206119579326844,1.289846842002434,3.9162727373244106,-5.3999999999999995,0.0,0,0,0,4,1
650,2025-26,Round 7,Benetton,Zebre,21,15,"Stadio Comunale di Monigo, Treviso",2025-12-20,-12.8,17.2,30.0,22.0,0,-15.8,15.0,30.8,21.0,0,-4.655415830173913,-9.61228393187539,4.9568681017014775,3.0,1.0,0,0,0,6,1
651,2025-26,Round 7,Glasgow,Edinburgh,24,12,"Hampden Park, Glasgow",2025-12-20,11.6,25.2,13.6,21.0,0,8.0,25.6,17.6,21.0,0,4.404271896920777,3.8311407698037536,0.5731311271170236,3.5999999999999996,0.0,0,0,0,12,1
652,2025-26,Round 7,Sharks,Bulls,21,12,"Kings Park Stadium, Durban",2025-12-20,-10.2,18.8,29.0,21.0,1,-6.2,23.8,30.0,21.0,0,-4.229046345773676,1.263927246982144,-5.49297359275582,-3.999999999999999,0.0,0,0,0,9,1
653,2025-26,Round 7,Dragons,Connacht,48,28,"Rodney Parade, Newport",2025-12-20,-14.0,12.6,26.6,22.0,0,5.8,24.0,18.2,21.0,0,-12.24376748332727,1.5840447188698843,-13.827812202197155,-19.8,1.0,0,0,0,20,1
654,2025-26,Round 7,Stormers,Lions,34,27,Cape Town Stadium,2025-12-20,17.8,29.8,12.0,21.0,1,2.2,31.2,29.0,21.0,0,11.259576926408462,0.167448696936884,11.092128229471578,15.600000000000001,0.0,0,0,0,7,1
655,2025-26,Round 7,Ospreys,Munster,10,26,"Brewery Field, Bridgend",2025-12-20,-3.8,17.4,21.2,21.0,0,3.4,22.4,19.0,21.0,0,-2.2039664573303472,3.894685801954936,-6.098652259285283,-7.199999999999999,0.0,0,0,0,-16,0
656,2025-26,Round 8,Scarlets,Ospreys,19,26,"Parc y Scarlets, Llanelli",2025-12-26,-5.6,16.2,21.8,7.0,0,-3.8,17.4,21.2,6.0,0,0.0111761126791964,-3.794101231401819,3.8052773440810155,-1.7999999999999998,1.0,0,0,0,-7,0
657,2025-26,Round 8,Cardiff,Dragons,22,19,Cardiff Arms Park,2025-12-26,5.0,20.8,15.8,7.0,0,-10.0,18.8,28.8,6.0,0,0.0322414565952804,-9.460986263107554,9.493227719702833,15.0,1.0,0,0,0,3,1
658,2025-26,Round 8,Munster,Leinster,8,13,"Thomond Park, Limerick",2025-12-27,6.0,23.0,17.0,7.0,0,10.2,28.6,18.4,8.0,0,5.484820576026408,4.6144923055944025,0.8703282704320054,-4.199999999999999,-1.0,0,0,0,-5,0
659,2025-26,Round 8,Connacht,Ulster,24,29,"The Sportsground, Galway",2025-12-27,-0.4,24.4,24.8,7.0,0,8.2,32.0,23.8,8.0,0,-1.1987365013498317,1.8814741157348749,-3.0802106170847066,-8.6,-1.0,0,0,0,-5,0
660,2025-26,Round 8,Zebre,Benetton,23,37,"Stadio Sergio Lanfranchi, Parma",2025-12-27,-17.4,13.6,31.0,7.0,0,-12.0,18.2,30.2,7.0,0,-9.116597121705244,-5.151102640344061,-3.9654944813611825,-5.399999999999999,0.0,0,0,0,-14,0
661,2025-26,Round 8,Edinburgh,Glasgow,3,21,"Murrayfield Stadium, Edinburgh",2025-12-27,6.2,22.4,16.2,7.0,0,14.4,27.2,12.8,7.0,0,3.288453882515456,4.946958784209075,-1.658504901693619,-8.2,0.0,0,0,0,-18,0
662,2025-26,Round 9,Ospreys,Cardiff,33,22,"Brewery Field, Bridgend",2026-01-01,-7.2,17.8,25.0,6.0,0,4.4,22.4,18.0,6.0,0,-2.113573496993717,-1.217081315375003,-0.8964921816187139,-11.600000000000001,0.0,0,0,0,11,1
663,2025-26,Round 9,Dragons,Scarlets,28,5,"Rodney Parade, Newport",2026-01-01,-0.8,22.6,23.4,6.0,0,-0.2,20.0,20.2,6.0,0,-8.21166349113727,-1.6693516217289053,-6.542311869408364,-0.6000000000000001,0.0,0,0,0,23,1
664,2025-26,Round 9,Ulster,Munster,28,3,"Ravenhill Stadium, Belfast",2026-01-02,5.0,32.2,27.2,6.0,0,4.8,20.6,15.8,6.0,0,2.673453054026404,4.297787748983208,-1.6243346949568043,0.20000000000000018,0.0,0,0,0,25,1
665,2025-26,Round 9,Glasgow,Zebre,47,10,"Scotstoun Stadium, Glasgow",2026-01-03,8.2,21.6,13.4,7.0,0,-15.4,18.2,33.6,7.0,0,7.1811082940397135,-10.720047673569123,17.901155967608837,23.6,0.0,0,0,0,37,1
666,2025-26,Round 9,Leinster,Connacht,52,17,"Aviva Stadium, Dublin",2026-01-03,6.0,25.0,19.0,7.0,0,-0.2,27.6,27.8,7.0,0,5.801525132637603,-1.9907154396413609,7.792240572278963,6.2,0.0,0,0,0,35,1
667,2025-26,Round 9,Benetton,Edinburgh,14,15,"Stadio Comunale di Monigo, Treviso",2026-01-03,-14.4,17.4,31.8,7.0,0,2.8,19.2,16.4,7.0,0,-3.5476520884801794,1.0543043726848178,-4.601956461164997,-17.2,0.0,0,0,0,-1,0
668,2025-26,Round 9,Sharks,Lions,22,23,"Kings Park Stadium, Durban",2026-01-03,-8.4,19.6,28.0,14.0,0,1.2,32.6,31.4,14.0,0,-3.3797489864980936,1.176661519884042,-4.556410506382136,-9.6,0.0,0,0,0,-1,0
669,2025-26,Round 9,Stormers,Bulls,13,8,Cape Town Stadium,2026-01-03,16.0,31.4,15.4,14.0,0,-9.6,18.4,28.0,14.0,0,10.250364103461305,0.4146298877065617,9.835734215754742,25.6,0.0,0,0,0,5,1
670,2025-26,Round 10,Edinburgh,Bulls,17,19,Edinburgh Rugby Stadium,2026-01-23,-5.6,13.6,19.2,20.0,0,-6.4,18.6,25.0,20.0,1,1.294108726568318,1.498203309282036,-0.20409458271371794,0.8000000000000007,0.0,1,0,0,-2,0
671,2025-26,Round 10,Munster,Dragons,22,20,"Musgrave Park, Cork",2026-01-23,-3.6,15.0,18.6,21.0,0,5.2,24.8,19.6,22.0,0,2.235354279487527,-5.857432304196433,8.09278658368396,-8.8,-1.0,0,0,0,2,1
672,2025-26,Round 10,Ospreys,Lions,24,24,"Brewery Field, Bridgend",2026-01-23,0.0,21.0,21.0,22.0,0,6.6,34.2,27.6,20.0,1,-1.5239242788318457,1.4210204692458284,-2.944944748077674,-6.6,2.0,1,0,0,0,0
673,2025-26,Round 10,Connacht,Leinster,23,34,"The Sportsground, Galway",2026-01-24,-7.0,25.6,32.6,21.0,0,16.4,32.6,16.2,21.0,0,-3.611491382413465,7.422301075409707,-11.033792457823171,-23.4,0.0,0,0,0,-11,0
674,2025-26,Round 10,Zebre,Glasgow,21,26,"Stadio Sergio Lanfranchi, Parma",2026-01-24,-19.2,17.6,36.8,21.0,0,10.6,22.6,12.0,21.0,0,-11.32993207680824,7.790992697278829,-19.12092477408707,-29.799999999999997,0.0,0,0,0,-5,0
675,2025-26,Round 10,Cardiff,Benetton,17,8,Cardiff Arms Park,2026-01-24,0.8,22.0,21.2,23.0,0,-6.0,20.2,26.2,21.0,0,-1.8067305335368744,-3.78745644236368,1.9807259088268057,6.8,2.0,0,0,0,9,1
676,2025-26,Round 10,Scarlets,Ulster,27,22,"Parc y Scarlets, Llanelli",2026-01-24,-2.6,17.4,20.0,23.0,0,8.4,31.0,22.6,22.0,0,-4.023582808669742,4.735886523522085,-8.759469332191827,-11.0,1.0,0,0,0,5,1
677,2025-26,Round 10,Stormers,Sharks,19,30,Cape Town Stadium,2026-01-24,10.2,27.2,17.0,21.0,0,-3.4,23.0,26.4,21.0,0,9.16679068188583,-3.62410793585988,12.790898617745711,13.6,0.0,0,0,0,-11,0
678,2025-26,Round 11,Benetton,Scarlets,20,20,"Stadio Comunale di Monigo, Treviso",2026-01-30,-4.8,18.6,23.4,6.0,0,0.4,19.0,18.6,6.0,0,-3.889383851480999,-3.2476358754505594,-0.6417479760304396,-5.2,0.0,0,0,0,0,0
679,2025-26,Round 11,Glasgow,Munster,31,22,"Scotstoun Stadium, Glasgow",2026-01-30,9.8,23.6,13.8,6.0,0,-3.6,16.0,19.6,7.0,0,6.978900219870122,1.0260756211191309,5.952824598750992,13.4,-1.0,0,0,0,9,1
680,2025-26,Round 11,Ulster,Cardiff,21,14,"Ravenhill Stadium, Belfast",2026-01-31,11.0,29.2,18.2,7.0,0,2.4,21.4,19.0,7.0,0,3.9599395903029024,-1.7048031244195552,5.664742714722458,8.6,0.0,0,0,0,7,1
681,2025-26,Round 11,Ospreys,Dragons,19,13,"Brewery Field, Bridgend",2026-01-31,0.0,22.0,22.0,8.0,0,4.8,25.0,20.2,8.0,0,-1.8294298040240784,-4.648153645828037,2.8187238418039584,-4.8,0.0,0,0,0,6,1
682,2025-26,Round 11,Sharks,Stormers,36,24,"Kings Park Stadium, Durban",2026-01-31,0.4,23.8,23.4,7.0,0,4.4,24.8,20.4,7.0,0,-0.6450180740853089,6.187700820111258,-6.832718894196567,-4.0,0.0,0,0,0,12,1
683,2025-26,Round 11,Lions,Bulls,17,52,"Ellis Park Stadium, Johannesburg",2026-01-31,4.4,33.2,28.8,8.0,1,-6.2,16.8,23.0,8.0,1,1.7265259944380609,2.277793851010664,-0.5512678565726032,10.600000000000001,0.0,0,0,0,-35,0
684,2025-26,Round 11,Zebre,Connacht,15,31,"Stadio Sergio Lanfranchi, Parma",2026-01-31,-15.4,16.6,32.0,7.0,0,-8.8,27.2,36.0,7.0,0,-10.517839599399531,-4.208112136631147,-6.309727462768384,-6.6,0.0,0,0,0,-16,0
685,2025-26,Round 11,Leinster,Edinburgh,28,20,"Aviva Stadium, Dublin",2026-01-31,13.8,29.4,15.6,7.0,0,-5.8,13.2,19.0,8.0,0,8.01892182962739,0.5145181848396897,7.5044036447877,19.6,-1.0,0,0,0,8,1
686,2025-26,Round 8,Lions,Sharks,34,22,"Ellis Park Stadium, Johannesburg",2026-02-21,-6.2,26.8,33.0,21.0,0,0.8,25.2,24.4,21.0,0,-1.818347219904679,0.638253815334348,-2.456601035239027,-7.0,0.0,0,1,0,12,1
687,2025-26,Round 12,Cardiff,Leinster,8,7,Cardiff Arms Park,2026-02-27,-2.0,18.4,20.4,27.0,0,12.6,30.2,17.6,27.0,0,-1.238328852947309,7.46848146514862,-8.706810318095929,-14.6,0.0,0,0,0,1,1
688,2025-26,Round 12,Edinburgh,Scarlets,24,19,Edinburgh Rugby Stadium,2026-02-27,-7.8,13.4,21.2,27.0,0,-4.2,18.4,22.6,28.0,0,1.06495854931846,-2.711810673053604,3.7767692223720637,-3.5999999999999996,-1.0,0,0,0,5,1
689,2025-26,Round 12,Munster,Zebre,21,7,"Thomond Park, Limerick",2026-02-28,-4.2,16.2,20.4,29.0,0,-15.6,16.8,32.4,28.0,0,1.3213580809942302,-12.086866853122697,13.408224934116927,11.399999999999999,1.0,0,0,0,14,1
690,2025-26,Round 12,Lions,Stormers,24,10,"Ellis Park Stadium, Johannesburg",2026-02-28,-5.8,25.0,30.8,7.0,0,-1.0,23.4,24.4,28.0,0,-0.9726871163807764,4.904428930691601,-5.877116047072378,-4.8,-21.0,0,1,0,14,1
691,2025-26,Round 12,Dragons,Benetton,15,15,"Rodney Parade, Newport",2026-02-28,6.4,25.6,19.2,28.0,0,2.0,20.0,18.0,29.0,0,-4.366281261647641,-4.425209053877955,0.05892779223031397,4.4,-1.0,0,0,0,0,0
692,2025-26,Round 12,Ospreys,Ulster,21,10,"Brewery Field, Bridgend",2026-02-28,1.6,22.4,20.8,28.0,0,5.6,24.0,18.4,28.0,0,-2.111302188204474,3.4934653188306566,-5.604767507035131,-3.9999999999999996,0.0,0,0,0,11,1
693,2025-26,Round 12,Bulls,Sharks,41,12,"Loftus Versfeld Stadium, Pretoria",2026-02-28,2.6,24.8,22.2,28.0,0,3.8,26.2,22.4,7.0,0,5.822667065353404,-0.2074062881895547,6.030073353542958,-1.1999999999999997,21.0,0,1,0,29,1
694,2025-26,Round 12,Connacht,Glasgow,15,10,"The Sportsground, Galway",2026-02-28,-11.0,24.6,35.6,28.0,0,16.2,29.8,13.6,29.0,0,-2.6390848829079854,6.683617759995023,-9.322702642903009,-27.2,-1.0,0,0,0,5,1
695,2025-26,Round 2,Connacht,Scarlets,31,14,"The Sportsground, Galway",2026-03-13,-6.0,22.0,28.0,13.0,0,-6.0,18.0,24.0,14.0,0,-1.8068146186176843,-2.234133750816397,0.42731913219871265,0.0,-1.0,0,0,0,17,1
696,2025-26,Round 2,Edinburgh,Ulster,19,40,Edinburgh Rugby Stadium,2026-03-13,-4.4,15.8,20.2,14.0,0,4.2,22.0,17.8,13.0,0,0.5872816270812535,2.4329885681271435,-1.84570694104589,-8.600000000000001,1.0,0,0,0,-21,0
697,2025-26,Round 8,Bulls,Stormers,19,32,"Loftus Versfeld Stadium, Pretoria",2026-03-14,10.4,26.4,16.0,14.0,0,-5.0,20.0,25.0,14.0,0,7.519659729999107,3.516717325984364,4.002942404014743,15.4,0.0,0,1,0,-13,0
698,2025-26,Round 13,Scarlets,Zebre,36,17,"Parc y Scarlets, Llanelli",2026-03-20,-8.0,17.0,25.0,7.0,0,-17.2,15.2,32.4,20.0,0,-3.291401837596526,-11.546044359711004,8.254642522114478,9.2,-13.0,0,0,0,19,1
699,2025-26,Round 13,Ulster,Connacht,19,26,"Ravenhill Stadium, Belfast",2026-03-20,7.4,24.2,16.8,7.0,0,-1.6,23.4,25.0,7.0,0,4.948417874022555,-0.7495465318375556,5.697964405860111,9.0,0.0,0,0,0,-7,0
700,2025-26,Round 13,Bulls,Cardiff,40,7,"Loftus Versfeld Stadium, Pretoria",2026-03-20,9.6,27.8,18.2,6.0,0,-1.0,16.6,17.6,21.0,1,5.219365489597633,-0.8676478211377163,6.087013310735349,10.6,-15.0,1,1,0,33,1
701,2025-26,Round 13,Benetton,Ospreys,31,19,"Stadio Comunale di Monigo, Treviso",2026-03-21,0.8,18.8,18.0,21.0,0,7.0,24.6,17.6,21.0,0,-3.819316274654924,-1.050825437500961,-2.768490837153963,-6.2,0.0,0,0,0,12,1
702,2025-26,Round 13,Lions,Edinburgh,54,17,"Ellis Park Stadium, Johannesburg",2026-03-21,-1.6,24.4,26.0,21.0,0,-5.0,19.0,24.0,8.0,1,0.4150244883264614,-1.9281476788141576,2.343172167140619,3.4,13.0,1,1,0,37,1
703,2025-26,Round 13,Glasgow,Leinster,38,17,"Scotstoun Stadium, Glasgow",2026-03-21,12.8,27.0,14.2,21.0,0,11.6,26.8,15.2,22.0,0,5.851347495704722,7.097800433339027,-1.246452937634305,1.200000000000001,-1.0,0,0,0,21,1
704,2025-26,Round 13,Sharks,Munster,45,0,"Kings Park Stadium, Durban",2026-03-21,-3.8,24.4,28.2,21.0,0,-4.6,15.2,19.8,21.0,1,-1.9043989528352587,0.7805355875825379,-2.684934540417797,0.7999999999999998,0.0,1,0,0,45,1
705,2025-26,Round 13,Stormers,Dragons,29,21,"Cape Town Stadium, Cape Town",2026-03-22,-3.8,19.6,23.4,8.0,0,2.4,19.0,16.6,22.0,1,5.817011566385839,-4.972174040870673,10.789185607256512,-6.199999999999999,-14.0,1,0,0,8,1
706,2025-26,Round 14,Sharks,Cardiff,21,15,"Kings Park Stadium, Durban",2026-03-27,5.4,29.0,23.6,6.0,0,-8.2,13.6,21.8,7.0,0,0.7640945012065212,-2.658946490064181,3.4230409912707023,13.6,-1.0,1,0,0,6,1
707,2025-26,Round 14,Glasgow,Benetton,31,10,"Scotstoun Stadium, Glasgow",2026-03-27,13.4,30.4,17.0,6.0,0,0.4,17.6,17.2,6.0,0,7.475992789468153,-2.9424671909395275,10.41845998040768,13.0,0.0,0,0,0,21,1
708,2025-26,Round 14,Leinster,Scarlets,36,19,"Aviva Stadium, Dublin",2026-03-27,6.4,27.6,21.2,6.0,0,0.4,23.2,22.8,7.0,0,5.473155139575597,-2.8168660898079736,8.29002122938357,6.0,-1.0,0,0,0,17,1
709,2025-26,Round 14,Bulls,Munster,34,31,"Loftus Versfeld Stadium, Pretoria",2026-03-28,17.2,34.2,17.0,8.0,0,-12.6,13.6,26.2,7.0,0,7.010664158524098,-1.887957866459242,8.89862202498334,29.799999999999997,1.0,1,1,0,3,1
710,2025-26,Round 14,Connacht,Ospreys,21,14,"The Sportsground, Galway",2026-03-28,6.8,25.2,18.4,8.0,0,3.2,23.2,20.0,7.0,0,1.1202499087484556,-1.9276745212163573,3.047924429964813,3.5999999999999996,1.0,0,0,0,7,1
711,2025-26,Round 14,Lions,Dragons,42,26,"Ellis Park Stadium, Johannesburg",2026-03-28,5.6,30.6,25.0,7.0,0,1.4,19.4,18.0,6.0,0,2.5807072716123995,-4.093255480145022,6.673962751757421,4.199999999999999,1.0,1,1,0,16,1
712,2025-26,Round 14,Stormers,Edinburgh,33,14,Cape Town Stadium,2026-03-28,-3.2,22.8,26.0,6.0,0,-12.6,19.4,32.0,7.0,0,4.938093005660187,-4.093830462100096,9.031923467760283,9.399999999999999,-1.0,1,0,0,19,1
713,2025-26,Round 14,Zebre,Ulster,12,28,"Stadio Sergio Lanfranchi, Parma",2026-03-28,-18.2,14.0,32.2,8.0,0,1.0,22.4,21.4,8.0,0,-12.020580107499557,3.078621433436544,-15.0992015409361,-19.2,0.0,0,0,0,-16,0
714,2025-26,Round 15,Ulster,Leinster,21,29,"Ravenhill Stadium, Belfast",2026-04-17,5.2,23.6,18.4,20.0,0,2.8,24.4,21.6,21.0,0,3.7687012793429338,5.74415301663724,-1.9754517372943061,2.4000000000000004,-1.0,0,0,0,-8,0
715,2025-26,Round 15,Edinburgh,Zebre,31,30,Edinburgh Rugby Stadium,2026-04-17,-16.0,18.8,34.8,20.0,1,-14.0,14.4,28.4,20.0,0,-4.490638115324067,-12.710659953405944,8.220021838081877,-2.0,0.0,0,0,0,1,1
716,2025-26,Round 15,Dragons,Bulls,7,47,"Rodney Parade, Newport",2026-04-17,-6.4,19.0,25.4,20.0,1,17.4,37.2,19.8,20.0,1,-4.42585920496928,5.820801956025764,-10.246661160995043,-23.799999999999997,0.0,1,0,0,-40,0
717,2025-26,Round 15,Stormers,Connacht,24,33,Cape Town Stadium,2026-04-18,2.8,25.6,22.8,21.0,0,10.4,24.8,14.4,21.0,1,5.334900658884159,0.9154574657519744,4.419443193132184,-7.6000000000000005,0.0,1,0,0,-9,0
718,2025-26,Round 15,Lions,Glasgow,54,12,"Ellis Park Stadium, Johannesburg",2026-04-18,8.8,34.2,25.4,21.0,0,10.2,27.2,17.0,22.0,1,2.9133109964366573,7.934146791427385,-5.020835794990727,-1.3999999999999986,-1.0,1,1,0,42,1
719,2025-26,Round 15,Scarlets,Cardiff,24,28,"Parc y Scarlets, Llanelli",2026-04-18,-4.0,21.6,25.6,22.0,0,-7.2,12.2,19.4,22.0,1,-3.087863966869617,-2.316642390937111,-0.7712215759325058,3.2,0.0,0,0,0,-4,0
720,2025-26,Round 15,Benetton,Munster,15,45,"Stadio Comunale di Monigo, Treviso",2026-04-18,-3.6,16.8,20.4,22.0,0,-8.2,19.2,27.4,21.0,1,-3.40062119289876,-0.6980956639609079,-2.7025255289378523,4.6,1.0,0,0,0,-30,0
721,2025-26,Round 15,Ospreys,Sharks,21,17,"Brewery Field, Bridgend",2026-04-18,-0.4,19.4,19.8,21.0,0,4.4,27.2,22.8,22.0,1,-1.7228820782198762,0.4217904020794509,-2.144672480299327,-4.800000000000001,-1.0,1,0,0,4,1
722,2025-26,Round 16,Edinburgh,Sharks,33,28,Edinburgh Rugby Stadium,2026-04-24,-14.2,21.0,35.2,7.0,0,1.2,23.4,22.2,6.0,0,-5.812640299132255,0.4073231540495182,-6.219963453181773,-15.399999999999999,1.0,1,0,0,5,1
723,2025-26,Round 16,Zebre,Dragons,18,19,"Stadio Sergio Lanfranchi, Parma",2026-04-24,-13.2,16.2,29.4,7.0,0,-14.0,16.4,30.4,7.0,0,-11.388657769597756,-7.001193088869776,-4.38746468072798,0.8000000000000007,0.0,0,0,0,-1,0
724,2025-26,Round 16,Cardiff,Ospreys,24,21,Cardiff Arms Park,2026-04-24,-8.2,14.4,22.6,6.0,0,0.4,18.8,18.4,6.0,0,-1.3937645485303616,-1.7084148301899436,0.314650281659582,-8.6,0.0,0,0,0,3,1
725,2025-26,Round 16,Munster,Ulster,41,14,"Thomond Park, Limerick",2026-04-25,-2.6,23.8,26.4,7.0,0,2.2,23.6,21.4,8.0,0,2.6316517831453066,2.566246453072364,0.06540533007294247,-4.800000000000001,-1.0,0,0,0,27,1
726,2025-26,Round 16,Stormers,Glasgow,48,12,Cape Town Stadium,2026-04-25,3.4,25.6,22.2,7.0,0,0.8,24.4,23.6,7.0,0,3.39295633957094,5.032063211928312,-1.639106872357372,2.5999999999999996,0.0,1,0,0,36,1
727,2025-26,Round 16,Benetton,Leinster,29,26,"Stadio Comunale di Monigo, Treviso",2026-04-25,-7.8,18.2,26.0,7.0,0,2.2,23.4,21.2,8.0,0,-6.730368640004974,6.9466078429078095,-13.676976482912783,-10.0,-1.0,0,0,0,3,1
728,2025-26,Round 16,Scarlets,Bulls,21,23,"Parc y Scarlets, Llanelli",2026-04-25,-4.8,22.4,27.2,7.0,0,18.4,36.2,17.8,8.0,0,-4.010741809276366,8.39613583992626,-12.406877649202626,-23.2,-1.0,1,0,0,-2,0
729,2025-26,Round 16,Lions,Connacht,33,21,"Ellis Park Stadium, Johannesburg",2026-04-25,24.2,41.6,17.4,7.0,0,9.0,25.2,16.2,7.0,0,5.815394575935731,2.857401785065193,2.9579927908705375,15.2,0.0,1,1,0,12,1
730,2025-26,Round 17,Glasgow,Cardiff,40,17,"Scotstoun Stadium, Glasgow",2026-05-08,-8.2,20.6,28.8,13.0,1,-6.2,16.4,22.6,14.0,0,2.468152524692574,-1.7252295766963197,4.1933821013888934,-1.9999999999999991,-1.0,0,0,0,23,1
731,2025-26,Round 17,Ulster,Stormers,38,38,"Ravenhill Stadium, Belfast",2026-05-08,-1.0,24.4,25.4,13.0,0,13.4,33.2,19.8,13.0,1,0.4727869860796581,5.956867026806678,-5.48408004072702,-14.4,0.0,1,0,0,0,0
732,2025-26,Round 17,Connacht,Munster,26,7,"The Sportsground, Galway",2026-05-09,5.6,26.4,20.8,14.0,1,4.6,27.6,23.0,14.0,0,2.5532010641522467,4.725111250138013,-2.171910185985766,1.0,0.0,0,0,0,19,1
733,2025-26,Round 17,Bulls,Zebre,54,19,"Loftus Versfeld Stadium, Pretoria",2026-05-09,13.0,32.6,19.6,14.0,1,-10.2,16.8,27.0,15.0,1,7.955448075005997,-11.64991130152496,19.605359376530956,23.2,-1.0,1,1,0,35,1
734,2025-26,Round 17,Sharks,Benetton,46,7,"Kings Park Stadium, Durban",2026-05-09,2.6,24.6,22.0,15.0,1,-7.2,20.0,27.2,14.0,1,-0.1146731912686591,-5.662670991713696,5.547997800445037,9.8,1.0,1,0,0,39,1
735,2025-26,Round 17,Ospreys,Scarlets,27,20,"Brewery Field, Bridgend",2026-05-09,-1.4,19.2,20.6,15.0,0,-4.2,22.8,27.0,14.0,0,-1.3769498020239852,-3.5700540443561035,2.1931042423321183,2.8000000000000003,1.0,0,0,0,7,1
736,2025-26,Round 17,Leinster,Lions,31,7,"Aviva Stadium, Dublin",2026-05-09,0.0,23.0,23.0,14.0,0,24.2,41.4,17.2,14.0,1,5.878910194616531,6.119595296848677,-0.24068510223214545,-24.2,0.0,1,0,0,24,1
737,2025-26,Round 17,Dragons,Edinburgh,15,24,"Rodney Parade, Newport",2026-05-09,-12.6,17.6,30.2,15.0,0,-14.2,22.8,37.0,15.0,0,-6.739939556942574,-5.290643953814078,-1.4492956031284967,1.5999999999999996,0.0,0,0,0,-9,0
738,2025-26,Round 18,Edinburgh,Connacht,5,26,Edinburgh Rugby Stadium,2026-05-15,-8.2,23.8,32.0,6.0,0,6.0,25.4,19.4,6.0,0,-3.935573514126928,4.070392082750823,-8.00596559687775,-14.2,0.0,0,0,0,-21,0
739,2025-26,Round 18,Cardiff,Stormers,22,16,Cardiff Arms Park,2026-05-15,-11.0,18.2,29.2,7.0,0,10.8,34.4,23.6,7.0,0,-3.0058913665574307,6.008459022733976,-9.014350389291407,-21.8,0.0,1,0,0,6,1
740,2025-26,Round 18,Ulster,Glasgow,22,26,"Ravenhill Stadium, Belfast",2026-05-15,-5.2,24.0,29.2,7.0,0,-2.6,26.6,29.2,7.0,0,0.42119499015236,3.7488143145536856,-3.3276193244013257,-2.6,0.0,0,0,0,-4,0
741,2025-26,Round 18,Scarlets,Dragons,35,35,"Parc y Scarlets, Llanelli",2026-05-16,-2.2,24.0,26.2,7.0,0,-14.4,17.6,32.0,7.0,0,-3.450743620122892,-8.095009996629724,4.644266376506832,12.2,0.0,0,0,0,0,0
742,2025-26,Round 18,Leinster,Ospreys,68,14,"Aviva Stadium, Dublin",2026-05-16,5.0,27.8,22.8,7.0,0,-2.2,20.4,22.6,7.0,0,7.702978704839746,-1.4962602262571971,9.199238931096943,7.2,0.0,0,0,0,54,1
743,2025-26,Round 18,Munster,Lions,24,17,"Thomond Park, Limerick",2026-05-16,-2.0,24.8,26.8,7.0,0,16.6,38.0,21.4,7.0,0,3.207920231539436,4.295526786625462,-1.087606555086026,-18.6,0.0,1,0,0,7,1
744,2025-26,Round 18,Sharks,Zebre,54,19,"Kings Park Stadium, Durban",2026-05-16,16.2,31.4,15.2,7.0,0,-14.4,19.2,33.6,7.0,0,1.7305270286868375,-12.089375363871865,13.819902392558703,30.6,0.0,1,0,0,35,1
745,2025-26,Round 18,Bulls,Benetton,45,19,"Loftus Versfeld Stadium, Pretoria",2026-05-16,22.6,39.6,17.0,7.0,0,-15.0,18.4,33.4,7.0,0,8.3949121373529,-7.507871211669192,15.902783349022092,37.6,0.0,1,1,0,26,1
746,2025-26,Quarter-finals,Glasgow,Connacht,33,21,"Scotstoun Stadium, Glasgow",2026-05-29,-6.0,24.2,30.2,14.0,0,8.8,25.4,16.6,14.0,0,4.416052382113553,5.969795523063048,-1.5537431409494955,-14.8,0.0,0,0,1,12,1
747,2025-26,Quarter-finals,Bulls,Munster,45,14,"Loftus Versfeld Stadium, Pretoria",2026-05-30,21.2,40.6,19.4,14.0,0,8.4,29.6,21.2,14.0,1,8.804633802450692,3.416680887048039,5.387952915402653,12.799999999999999,0.0,1,1,1,31,1
748,2025-26,Quarter-finals,Stormers,Cardiff,44,21,"Cape Town Stadium, Cape Town",2026-05-30,8.0,31.8,23.8,15.0,1,-3.2,21.2,24.4,15.0,1,5.107023983804835,-2.10445632762829,7.2114803114331245,11.2,0.0,1,0,1,23,1
749,2025-26,Quarter-finals,Leinster,Lions,59,10,"Aviva Stadium, Dublin",2026-05-30,20.0,38.0,18.0,14.0,0,7.8,30.6,22.8,14.0,0,9.183054811730052,4.08676613111686,5.096288680613192,12.2,0.0,1,0,1,49,1
750,2025-26,Semi-finals,Glasgow,Bulls,21,22,"Murrayfield Stadium, Edinburgh",2026-06-06,-7.8,24.6,32.4,8.0,0,26.8,42.8,16.0,7.0,1,5.171426696208503,10.665838510910426,-5.494411814701923,-34.6,1.0,1,0,1,-1,0
751,2025-26,Semi-finals,Leinster,Stormers,20,11,"Aviva Stadium, Dublin",2026-06-06,26.4,42.6,16.2,7.0,0,8.8,34.0,25.2,7.0,1,11.073425943668733,6.085875952661523,4.98754999100721,17.599999999999998,0.0,1,0,1,9,1
752,2025-26,Grand Final,Leinster,Bulls,36,7,"Croke Park, Dublin",2026-06-19,26.6,40.8,14.2,13.0,0,19.0,37.8,18.8,13.0,0,10.874670944568011,10.816397329440234,0.058273615127777845,7.600000000000001,0.0,1,0,1,29,1
